seq,send_timestamp,send_size,recv_timestamp,recv_size,rtt
0.0,1607277465.474988,122.0,1607277465.664748,72.0,0.1897599697113037
19.0,1607277465.664415,122.0,1607277465.7746072,72.0,0.11019229888916016
30.0,1607277465.774343,122.0,1607277465.8808682,72.0,0.10652518272399902
40.0,1607277465.874517,122.0,1607277465.99487,72.0,0.12035298347473145
52.0,1607277465.99456,122.0,1607277466.0995169,72.0,0.10495686531066895
62.0,1607277466.095104,122.0,1607277466.191284,72.0,0.09617996215820312
72.0,1607277466.194164,122.0,1607277466.281176,72.0,0.08701205253601074
80.0,1607277466.274668,122.0,1607277466.372322,72.0,0.09765410423278809
90.0,1607277466.374109,122.0,1607277466.4609559,72.0,0.08684682846069336
98.0,1607277466.454433,122.0,1607277466.574882,72.0,0.12044906616210938
110.0,1607277466.574233,122.0,1607277466.699658,72.0,0.12542486190795898
122.0,1607277466.6956549,122.0,1607277466.824623,72.0,0.1289682388305664
135.0,1607277466.824352,123.0,1607277466.93806,73.0,0.1137080192565918
146.0,1607277466.9349408,123.0,1607277467.0328991,73.0,0.09795832633972168
156.0,1607277467.035268,123.0,1607277467.1356769,73.0,0.10040879249572754
166.0,1607277467.13488,123.0,1607277467.2309399,73.0,0.09605979919433594
175.0,1607277467.2247832,123.0,1607277467.327422,73.0,0.10263872146606445
185.0,1607277467.3249652,123.0,1607277467.43034,73.0,0.10537481307983398
195.0,1607277467.424181,123.0,1607277467.524517,73.0,0.10033607482910156
205.0,1607277467.524251,123.0,1607277467.615886,73.0,0.09163498878479004
214.0,1607277467.614392,123.0,1607277467.7116501,73.0,0.09725809097290039
224.0,1607277467.714328,123.0,1607277467.8158789,73.0,0.10155081748962402
234.0,1607277467.8146482,123.0,1607277467.92241,73.0,0.10776185989379883
245.0,1607277467.924319,123.0,1607277468.0210838,73.0,0.09676480293273926
254.0,1607277468.0145578,123.0,1607277468.117117,73.0,0.10255908966064453
264.0,1607277468.115184,124.0,1607277468.21506,74.0,0.09987592697143555
274.0,1607277468.214797,124.0,1607277468.3120909,74.0,0.09729385375976562
284.0,1607277468.31411,124.0,1607277468.426908,74.0,0.11279797554016113
1.0,1607277465.484798,122.0,,,inf
2.0,1607277465.4947221,122.0,,,inf
3.0,1607277465.505273,122.0,,,inf
4.0,1607277465.51498,122.0,,,inf
5.0,1607277465.52496,122.0,,,inf
6.0,1607277465.535864,122.0,,,inf
7.0,1607277465.544914,122.0,,,inf
8.0,1607277465.554707,122.0,,,inf
9.0,1607277465.5643039,122.0,,,inf
10.0,1607277465.574421,122.0,,,inf
11.0,1607277465.585761,122.0,,,inf
12.0,1607277465.5946271,122.0,,,inf
13.0,1607277465.604367,122.0,,,inf
14.0,1607277465.615041,122.0,,,inf
15.0,1607277465.624932,122.0,,,inf
16.0,1607277465.6346009,122.0,,,inf
17.0,1607277465.6442912,122.0,,,inf
18.0,1607277465.655196,122.0,,,inf
20.0,1607277465.674303,122.0,,,inf
21.0,1607277465.684604,122.0,,,inf
22.0,1607277465.6948211,122.0,,,inf
23.0,1607277465.704444,122.0,,,inf
24.0,1607277465.71522,122.0,,,inf
25.0,1607277465.725017,122.0,,,inf
26.0,1607277465.735497,122.0,,,inf
27.0,1607277465.7446568,122.0,,,inf
28.0,1607277465.7543402,122.0,,,inf
29.0,1607277465.764533,122.0,,,inf
31.0,1607277465.784829,122.0,,,inf
32.0,1607277465.794254,122.0,,,inf
33.0,1607277465.80429,122.0,,,inf
34.0,1607277465.814798,122.0,,,inf
35.0,1607277465.825234,122.0,,,inf
36.0,1607277465.835519,122.0,,,inf
37.0,1607277465.844859,122.0,,,inf
38.0,1607277465.854984,122.0,,,inf
39.0,1607277465.86479,122.0,,,inf
41.0,1607277465.8844879,122.0,,,inf
42.0,1607277465.895067,122.0,,,inf
43.0,1607277465.904913,122.0,,,inf
44.0,1607277465.915106,122.0,,,inf
45.0,1607277465.924503,122.0,,,inf
46.0,1607277465.935043,122.0,,,inf
47.0,1607277465.9446,122.0,,,inf
48.0,1607277465.954839,122.0,,,inf
49.0,1607277465.964949,122.0,,,inf
50.0,1607277465.974418,122.0,,,inf
51.0,1607277465.9844391,122.0,,,inf
53.0,1607277466.0045729,122.0,,,inf
54.0,1607277466.014197,122.0,,,inf
55.0,1607277466.024657,122.0,,,inf
56.0,1607277466.0349782,122.0,,,inf
57.0,1607277466.046258,122.0,,,inf
58.0,1607277466.054849,122.0,,,inf
59.0,1607277466.064963,122.0,,,inf
60.0,1607277466.075003,122.0,,,inf
61.0,1607277466.085196,122.0,,,inf
63.0,1607277466.105178,122.0,,,inf
64.0,1607277466.114655,122.0,,,inf
65.0,1607277466.124613,122.0,,,inf
66.0,1607277466.134896,122.0,,,inf
67.0,1607277466.145142,122.0,,,inf
68.0,1607277466.154898,122.0,,,inf
69.0,1607277466.1648371,122.0,,,inf
70.0,1607277466.174429,122.0,,,inf
71.0,1607277466.184777,122.0,,,inf
73.0,1607277466.204366,122.0,,,inf
74.0,1607277466.214102,122.0,,,inf
75.0,1607277466.224894,122.0,,,inf
76.0,1607277466.2354748,122.0,,,inf
77.0,1607277466.245046,122.0,,,inf
78.0,1607277466.2545369,122.0,,,inf
79.0,1607277466.264808,122.0,,,inf
81.0,1607277466.2846131,122.0,,,inf
82.0,1607277466.294661,122.0,,,inf
83.0,1607277466.304296,122.0,,,inf
84.0,1607277466.314734,122.0,,,inf
85.0,1607277466.324407,122.0,,,inf
86.0,1607277466.3350332,122.0,,,inf
87.0,1607277466.345402,122.0,,,inf
88.0,1607277466.355092,122.0,,,inf
89.0,1607277466.364912,122.0,,,inf
91.0,1607277466.384725,122.0,,,inf
92.0,1607277466.394321,122.0,,,inf
93.0,1607277466.404185,122.0,,,inf
94.0,1607277466.415085,122.0,,,inf
95.0,1607277466.425034,122.0,,,inf
96.0,1607277466.434962,122.0,,,inf
97.0,1607277466.444722,122.0,,,inf
99.0,1607277466.464215,122.0,,,inf
100.0,1607277466.4753668,122.0,,,inf
101.0,1607277466.484628,122.0,,,inf
102.0,1607277466.494621,122.0,,,inf
103.0,1607277466.5049798,122.0,,,inf
104.0,1607277466.514517,122.0,,,inf
105.0,1607277466.524875,122.0,,,inf
106.0,1607277466.5353951,122.0,,,inf
107.0,1607277466.544922,122.0,,,inf
108.0,1607277466.5541399,122.0,,,inf
109.0,1607277466.5643158,122.0,,,inf
111.0,1607277466.585611,122.0,,,inf
112.0,1607277466.5942678,122.0,,,inf
113.0,1607277466.604414,122.0,,,inf
114.0,1607277466.61486,122.0,,,inf
115.0,1607277466.6251369,122.0,,,inf
116.0,1607277466.63503,122.0,,,inf
117.0,1607277466.6455822,122.0,,,inf
118.0,1607277466.6554508,122.0,,,inf
119.0,1607277466.664994,122.0,,,inf
120.0,1607277466.6758761,122.0,,,inf
121.0,1607277466.685735,122.0,,,inf
123.0,1607277466.7051141,122.0,,,inf
124.0,1607277466.715106,122.0,,,inf
125.0,1607277466.724611,122.0,,,inf
126.0,1607277466.735523,122.0,,,inf
127.0,1607277466.744826,122.0,,,inf
128.0,1607277466.754689,123.0,,,inf
129.0,1607277466.765347,123.0,,,inf
130.0,1607277466.774595,123.0,,,inf
131.0,1607277466.784501,123.0,,,inf
132.0,1607277466.79428,123.0,,,inf
133.0,1607277466.8042428,123.0,,,inf
134.0,1607277466.814285,123.0,,,inf
136.0,1607277466.834938,123.0,,,inf
137.0,1607277466.84419,123.0,,,inf
138.0,1607277466.85499,123.0,,,inf
139.0,1607277466.8647838,123.0,,,inf
140.0,1607277466.874756,123.0,,,inf
141.0,1607277466.8849359,123.0,,,inf
142.0,1607277466.894963,123.0,,,inf
143.0,1607277466.904724,123.0,,,inf
144.0,1607277466.914816,123.0,,,inf
145.0,1607277466.924497,123.0,,,inf
147.0,1607277466.94441,123.0,,,inf
148.0,1607277466.954437,123.0,,,inf
149.0,1607277466.9648151,123.0,,,inf
150.0,1607277466.974305,123.0,,,inf
151.0,1607277466.984695,123.0,,,inf
152.0,1607277466.9950469,123.0,,,inf
153.0,1607277467.004586,123.0,,,inf
154.0,1607277467.014278,123.0,,,inf
155.0,1607277467.024214,123.0,,,inf
157.0,1607277467.0443652,123.0,,,inf
158.0,1607277467.0543308,123.0,,,inf
159.0,1607277467.064255,123.0,,,inf
160.0,1607277467.0748339,123.0,,,inf
161.0,1607277467.084633,123.0,,,inf
162.0,1607277467.094912,123.0,,,inf
163.0,1607277467.104131,123.0,,,inf
164.0,1607277467.114683,123.0,,,inf
165.0,1607277467.124531,123.0,,,inf
167.0,1607277467.1446168,123.0,,,inf
168.0,1607277467.154484,123.0,,,inf
169.0,1607277467.164213,123.0,,,inf
170.0,1607277467.174289,123.0,,,inf
171.0,1607277467.18515,123.0,,,inf
172.0,1607277467.194977,123.0,,,inf
173.0,1607277467.204115,123.0,,,inf
174.0,1607277467.214848,123.0,,,inf
176.0,1607277467.234515,123.0,,,inf
177.0,1607277467.244745,123.0,,,inf
178.0,1607277467.254965,123.0,,,inf
179.0,1607277467.264116,123.0,,,inf
180.0,1607277467.274893,123.0,,,inf
181.0,1607277467.284988,123.0,,,inf
182.0,1607277467.2948558,123.0,,,inf
183.0,1607277467.30537,123.0,,,inf
184.0,1607277467.315153,123.0,,,inf
186.0,1607277467.334219,123.0,,,inf
187.0,1607277467.344841,123.0,,,inf
188.0,1607277467.354523,123.0,,,inf
189.0,1607277467.364747,123.0,,,inf
190.0,1607277467.375395,123.0,,,inf
191.0,1607277467.384973,123.0,,,inf
192.0,1607277467.394478,123.0,,,inf
193.0,1607277467.4046552,123.0,,,inf
194.0,1607277467.4144452,123.0,,,inf
196.0,1607277467.4346812,123.0,,,inf
197.0,1607277467.444483,123.0,,,inf
198.0,1607277467.454636,123.0,,,inf
199.0,1607277467.46458,123.0,,,inf
200.0,1607277467.4742951,123.0,,,inf
201.0,1607277467.484479,123.0,,,inf
202.0,1607277467.494974,123.0,,,inf
203.0,1607277467.504452,123.0,,,inf
204.0,1607277467.514581,123.0,,,inf
206.0,1607277467.534922,123.0,,,inf
207.0,1607277467.5441751,123.0,,,inf
208.0,1607277467.554734,123.0,,,inf
209.0,1607277467.564714,123.0,,,inf
210.0,1607277467.575147,123.0,,,inf
211.0,1607277467.585213,123.0,,,inf
212.0,1607277467.594712,123.0,,,inf
213.0,1607277467.604835,123.0,,,inf
215.0,1607277467.624743,123.0,,,inf
216.0,1607277467.634856,123.0,,,inf
217.0,1607277467.645005,123.0,,,inf
218.0,1607277467.654801,123.0,,,inf
219.0,1607277467.664607,123.0,,,inf
220.0,1607277467.674537,123.0,,,inf
221.0,1607277467.684764,123.0,,,inf
222.0,1607277467.694796,123.0,,,inf
223.0,1607277467.7044768,123.0,,,inf
225.0,1607277467.724619,123.0,,,inf
226.0,1607277467.734488,123.0,,,inf
227.0,1607277467.7447412,123.0,,,inf
228.0,1607277467.754544,123.0,,,inf
229.0,1607277467.7648242,123.0,,,inf
230.0,1607277467.7748978,123.0,,,inf
231.0,1607277467.784699,123.0,,,inf
232.0,1607277467.794752,123.0,,,inf
233.0,1607277467.8051178,123.0,,,inf
235.0,1607277467.824907,123.0,,,inf
236.0,1607277467.8352551,123.0,,,inf
237.0,1607277467.84429,123.0,,,inf
238.0,1607277467.855198,123.0,,,inf
239.0,1607277467.865005,123.0,,,inf
240.0,1607277467.8750222,123.0,,,inf
241.0,1607277467.8849568,123.0,,,inf
242.0,1607277467.8948128,123.0,,,inf
243.0,1607277467.905185,123.0,,,inf
244.0,1607277467.9145422,123.0,,,inf
246.0,1607277467.934853,123.0,,,inf
247.0,1607277467.9440389,123.0,,,inf
248.0,1607277467.954131,123.0,,,inf
249.0,1607277467.964503,123.0,,,inf
250.0,1607277467.974483,123.0,,,inf
251.0,1607277467.9852958,123.0,,,inf
252.0,1607277467.995544,123.0,,,inf
253.0,1607277468.004319,123.0,,,inf
255.0,1607277468.024263,123.0,,,inf
256.0,1607277468.035135,124.0,,,inf
257.0,1607277468.0440168,124.0,,,inf
258.0,1607277468.054923,124.0,,,inf
259.0,1607277468.0645912,124.0,,,inf
260.0,1607277468.074365,124.0,,,inf
261.0,1607277468.085064,124.0,,,inf
262.0,1607277468.094072,124.0,,,inf
263.0,1607277468.104449,124.0,,,inf
265.0,1607277468.1242082,124.0,,,inf
266.0,1607277468.135374,124.0,,,inf
267.0,1607277468.144781,124.0,,,inf
268.0,1607277468.154634,124.0,,,inf
269.0,1607277468.164984,124.0,,,inf
270.0,1607277468.174932,124.0,,,inf
271.0,1607277468.184748,124.0,,,inf
272.0,1607277468.194803,124.0,,,inf
273.0,1607277468.204504,124.0,,,inf
275.0,1607277468.224153,124.0,,,inf
276.0,1607277468.2345889,124.0,,,inf
277.0,1607277468.244371,124.0,,,inf
278.0,1607277468.254617,124.0,,,inf
279.0,1607277468.2651231,124.0,,,inf
280.0,1607277468.27503,124.0,,,inf
281.0,1607277468.284832,124.0,,,inf
282.0,1607277468.29472,124.0,,,inf
283.0,1607277468.304311,124.0,,,inf
285.0,1607277468.32459,124.0,,,inf
286.0,1607277468.334055,124.0,,,inf
287.0,1607277468.34472,124.0,,,inf
288.0,1607277468.354569,124.0,,,inf
289.0,1607277468.365081,124.0,,,inf
290.0,1607277468.374936,124.0,,,inf
291.0,1607277468.384765,124.0,,,inf
292.0,1607277468.39479,124.0,,,inf
293.0,1607277468.404311,124.0,,,inf
294.0,1607277468.414498,124.0,,,inf
295.0,1607277468.4248881,124.0,,,inf
296.0,1607277468.434771,124.0,,,inf
297.0,1607277468.444896,124.0,,,inf
298.0,1607277468.4543092,124.0,,,inf
299.0,1607277468.4650931,124.0,,,inf
300.0,1607277468.4749599,124.0,,,inf
301.0,1607277468.484611,124.0,,,inf
302.0,1607277468.494575,124.0,,,inf
303.0,1607277468.504689,124.0,,,inf
304.0,1607277468.515028,124.0,,,inf
305.0,1607277468.5246022,124.0,,,inf
306.0,1607277468.536,124.0,,,inf
307.0,1607277468.544068,124.0,,,inf
308.0,1607277468.5545669,124.0,,,inf
309.0,1607277468.565471,124.0,,,inf
310.0,1607277468.575155,124.0,,,inf
311.0,1607277468.58561,124.0,,,inf
312.0,1607277468.594985,124.0,,,inf
313.0,1607277468.6047611,124.0,,,inf
314.0,1607277468.615075,124.0,,,inf
315.0,1607277468.625178,124.0,,,inf
316.0,1607277468.635131,124.0,,,inf
317.0,1607277468.6452322,124.0,,,inf
318.0,1607277468.654328,124.0,,,inf
319.0,1607277468.665121,124.0,,,inf
320.0,1607277468.6742342,124.0,,,inf
321.0,1607277468.684105,124.0,,,inf
322.0,1607277468.694355,124.0,,,inf
323.0,1607277468.7046201,124.0,,,inf
324.0,1607277468.714499,124.0,,,inf
325.0,1607277468.7247949,124.0,,,inf
326.0,1607277468.734734,124.0,,,inf
327.0,1607277468.744368,124.0,,,inf
328.0,1607277468.7550879,124.0,,,inf
329.0,1607277468.7647629,124.0,,,inf
330.0,1607277468.774701,124.0,,,inf
331.0,1607277468.7851021,124.0,,,inf
332.0,1607277468.795143,124.0,,,inf
333.0,1607277468.80412,124.0,,,inf
334.0,1607277468.815177,124.0,,,inf
335.0,1607277468.825005,124.0,,,inf
336.0,1607277468.83637,124.0,,,inf
337.0,1607277468.844919,124.0,,,inf
338.0,1607277468.85481,124.0,,,inf
339.0,1607277468.8652558,124.0,,,inf
340.0,1607277468.8751519,124.0,,,inf
341.0,1607277468.884916,124.0,,,inf
342.0,1607277468.894804,124.0,,,inf
343.0,1607277468.904577,124.0,,,inf
344.0,1607277468.914779,124.0,,,inf
345.0,1607277468.924453,124.0,,,inf
346.0,1607277468.934904,124.0,,,inf
347.0,1607277468.9445388,124.0,,,inf
348.0,1607277468.954402,124.0,,,inf
349.0,1607277468.964575,124.0,,,inf
350.0,1607277468.974881,124.0,,,inf
351.0,1607277468.9845061,124.0,,,inf
352.0,1607277468.994733,124.0,,,inf
353.0,1607277469.004601,124.0,,,inf
354.0,1607277469.0145202,124.0,,,inf
355.0,1607277469.025406,124.0,,,inf
356.0,1607277469.034969,124.0,,,inf
357.0,1607277469.045047,124.0,,,inf
358.0,1607277469.054773,124.0,,,inf
359.0,1607277469.064917,124.0,,,inf
360.0,1607277469.075116,124.0,,,inf
361.0,1607277469.0847628,124.0,,,inf
362.0,1607277469.0953448,124.0,,,inf
363.0,1607277469.104171,124.0,,,inf
364.0,1607277469.1151738,124.0,,,inf
365.0,1607277469.125358,124.0,,,inf
366.0,1607277469.135534,124.0,,,inf
367.0,1607277469.1451561,124.0,,,inf
368.0,1607277469.1546261,124.0,,,inf
369.0,1607277469.165643,124.0,,,inf
370.0,1607277469.1745138,124.0,,,inf
371.0,1607277469.184504,124.0,,,inf
372.0,1607277469.1946461,124.0,,,inf
373.0,1607277469.2049851,124.0,,,inf
374.0,1607277469.2141309,124.0,,,inf
375.0,1607277469.224677,124.0,,,inf
376.0,1607277469.234748,124.0,,,inf
377.0,1607277469.244544,124.0,,,inf
378.0,1607277469.254512,124.0,,,inf
379.0,1607277469.264382,124.0,,,inf
380.0,1607277469.274233,124.0,,,inf
381.0,1607277469.284909,124.0,,,inf
382.0,1607277469.294393,124.0,,,inf
383.0,1607277469.3041952,124.0,,,inf
384.0,1607277469.315103,124.0,,,inf
385.0,1607277469.3242948,124.0,,,inf
386.0,1607277469.33469,124.0,,,inf
387.0,1607277469.3444102,124.0,,,inf
388.0,1607277469.354429,124.0,,,inf
389.0,1607277469.364964,124.0,,,inf
390.0,1607277469.374378,124.0,,,inf
391.0,1607277469.385398,124.0,,,inf
392.0,1607277469.394235,124.0,,,inf
393.0,1607277469.404083,124.0,,,inf
394.0,1607277469.414995,124.0,,,inf
395.0,1607277469.4251468,124.0,,,inf
396.0,1607277469.435626,124.0,,,inf
397.0,1607277469.4449852,124.0,,,inf
398.0,1607277469.454536,124.0,,,inf
399.0,1607277469.465049,124.0,,,inf
400.0,1607277469.475331,124.0,,,inf
401.0,1607277469.4852748,124.0,,,inf
402.0,1607277469.4945002,124.0,,,inf
403.0,1607277469.504643,124.0,,,inf
404.0,1607277469.516,124.0,,,inf
405.0,1607277469.5256572,124.0,,,inf
406.0,1607277469.535709,124.0,,,inf
407.0,1607277469.545367,124.0,,,inf
408.0,1607277469.555192,124.0,,,inf
409.0,1607277469.564642,124.0,,,inf
410.0,1607277469.574411,124.0,,,inf
411.0,1607277469.58521,124.0,,,inf
412.0,1607277469.5941849,124.0,,,inf
413.0,1607277469.6045089,124.0,,,inf
414.0,1607277469.6147609,124.0,,,inf
415.0,1607277469.6254988,124.0,,,inf
416.0,1607277469.635148,124.0,,,inf
417.0,1607277469.645077,124.0,,,inf
418.0,1607277469.6549702,124.0,,,inf
419.0,1607277469.66506,124.0,,,inf
420.0,1607277469.674025,124.0,,,inf
421.0,1607277469.684701,124.0,,,inf
422.0,1607277469.695134,124.0,,,inf
423.0,1607277469.7044868,124.0,,,inf
424.0,1607277469.714314,124.0,,,inf
425.0,1607277469.725325,124.0,,,inf
426.0,1607277469.735231,124.0,,,inf
427.0,1607277469.74512,124.0,,,inf
428.0,1607277469.754694,124.0,,,inf
429.0,1607277469.7652879,124.0,,,inf
430.0,1607277469.774186,124.0,,,inf
431.0,1607277469.784557,124.0,,,inf
432.0,1607277469.7953432,124.0,,,inf
433.0,1607277469.805045,124.0,,,inf
434.0,1607277469.8142772,124.0,,,inf
435.0,1607277469.825423,124.0,,,inf
436.0,1607277469.8356018,124.0,,,inf
437.0,1607277469.845023,124.0,,,inf
438.0,1607277469.8541079,124.0,,,inf
439.0,1607277469.865495,124.0,,,inf
440.0,1607277469.875388,124.0,,,inf
441.0,1607277469.885227,124.0,,,inf
442.0,1607277469.8950899,124.0,,,inf
443.0,1607277469.904355,124.0,,,inf
444.0,1607277469.914923,124.0,,,inf
445.0,1607277469.925168,124.0,,,inf
446.0,1607277469.934659,124.0,,,inf
447.0,1607277469.945122,124.0,,,inf
448.0,1607277469.954358,124.0,,,inf
449.0,1607277469.964705,124.0,,,inf
450.0,1607277469.974893,124.0,,,inf
451.0,1607277469.985145,124.0,,,inf
452.0,1607277469.994317,124.0,,,inf
453.0,1607277470.004142,124.0,,,inf
454.0,1607277470.0149791,124.0,,,inf
455.0,1607277470.02541,124.0,,,inf
456.0,1607277470.0354218,124.0,,,inf
457.0,1607277470.044825,124.0,,,inf
458.0,1607277470.05509,124.0,,,inf
459.0,1607277470.065249,124.0,,,inf
460.0,1607277470.0752351,124.0,,,inf
461.0,1607277470.0854049,124.0,,,inf
462.0,1607277470.094513,124.0,,,inf
463.0,1607277470.104647,124.0,,,inf
464.0,1607277470.115093,124.0,,,inf
465.0,1607277470.125441,124.0,,,inf
466.0,1607277470.134422,124.0,,,inf
467.0,1607277470.145003,124.0,,,inf
468.0,1607277470.154973,124.0,,,inf
469.0,1607277470.1650612,124.0,,,inf
470.0,1607277470.1751292,124.0,,,inf
471.0,1607277470.184384,124.0,,,inf
472.0,1607277470.1952949,124.0,,,inf
473.0,1607277470.204607,124.0,,,inf
474.0,1607277470.215146,124.0,,,inf
475.0,1607277470.225313,124.0,,,inf
476.0,1607277470.2352588,124.0,,,inf
477.0,1607277470.245894,124.0,,,inf
478.0,1607277470.254454,124.0,,,inf
479.0,1607277470.265667,124.0,,,inf
480.0,1607277470.275292,124.0,,,inf
481.0,1607277470.284555,124.0,,,inf
482.0,1607277470.295091,124.0,,,inf
483.0,1607277470.3054101,124.0,,,inf
484.0,1607277470.3150551,124.0,,,inf
485.0,1607277470.325789,124.0,,,inf
486.0,1607277470.3357701,124.0,,,inf
487.0,1607277470.34543,124.0,,,inf
488.0,1607277470.3548229,124.0,,,inf
489.0,1607277470.365047,124.0,,,inf
490.0,1607277470.3751428,124.0,,,inf
491.0,1607277470.38525,124.0,,,inf
492.0,1607277470.395118,124.0,,,inf
493.0,1607277470.404723,124.0,,,inf
494.0,1607277470.415081,124.0,,,inf
495.0,1607277470.4251149,124.0,,,inf
496.0,1607277470.434549,124.0,,,inf
497.0,1607277470.444993,124.0,,,inf
498.0,1607277470.454117,124.0,,,inf
499.0,1607277470.4661388,124.0,,,inf
500.0,1607277470.4872682,124.0,,,inf
501.0,1607277470.5044212,124.0,,,inf
502.0,1607277470.5151129,124.0,,,inf
503.0,1607277470.524843,124.0,,,inf
504.0,1607277470.5344589,124.0,,,inf
505.0,1607277470.544736,124.0,,,inf
506.0,1607277470.554801,124.0,,,inf
507.0,1607277470.564527,124.0,,,inf
508.0,1607277470.5757859,124.0,,,inf
509.0,1607277470.5854862,124.0,,,inf
510.0,1607277470.595459,124.0,,,inf
511.0,1607277470.604455,124.0,,,inf
512.0,1607277470.61488,124.0,,,inf
513.0,1607277470.625947,124.0,,,inf
514.0,1607277470.635108,124.0,,,inf
515.0,1607277470.64558,124.0,,,inf
516.0,1607277470.655276,124.0,,,inf
517.0,1607277470.6650612,124.0,,,inf
518.0,1607277470.675224,124.0,,,inf
519.0,1607277470.684574,124.0,,,inf
520.0,1607277470.694617,124.0,,,inf
521.0,1607277470.704629,124.0,,,inf
522.0,1607277470.714626,124.0,,,inf
523.0,1607277470.7252622,124.0,,,inf
524.0,1607277470.735276,124.0,,,inf
525.0,1607277470.7448661,124.0,,,inf
526.0,1607277470.754526,124.0,,,inf
527.0,1607277470.764666,124.0,,,inf
528.0,1607277470.7746618,124.0,,,inf
529.0,1607277470.784746,124.0,,,inf
530.0,1607277470.794801,124.0,,,inf
531.0,1607277470.804273,124.0,,,inf
532.0,1607277470.814667,124.0,,,inf
533.0,1607277470.824212,124.0,,,inf
534.0,1607277470.835063,124.0,,,inf
535.0,1607277470.844665,124.0,,,inf
536.0,1607277470.854487,124.0,,,inf
537.0,1607277470.865194,124.0,,,inf
538.0,1607277470.875345,124.0,,,inf
539.0,1607277470.885071,124.0,,,inf
540.0,1607277470.895166,124.0,,,inf
541.0,1607277470.90466,124.0,,,inf
542.0,1607277470.9151602,124.0,,,inf
543.0,1607277470.9251359,124.0,,,inf
544.0,1607277470.935031,124.0,,,inf
545.0,1607277470.945158,124.0,,,inf
546.0,1607277470.954863,124.0,,,inf
547.0,1607277470.965198,124.0,,,inf
548.0,1607277470.975304,124.0,,,inf
549.0,1607277470.985167,124.0,,,inf
550.0,1607277470.995302,124.0,,,inf
551.0,1607277471.004531,124.0,,,inf
552.0,1607277471.014385,124.0,,,inf
553.0,1607277471.025276,124.0,,,inf
554.0,1607277471.035425,124.0,,,inf
555.0,1607277471.0451388,124.0,,,inf
556.0,1607277471.0551958,124.0,,,inf
557.0,1607277471.064646,124.0,,,inf
558.0,1607277471.0749109,124.0,,,inf
559.0,1607277471.085473,124.0,,,inf
560.0,1607277471.0947971,124.0,,,inf
561.0,1607277471.104599,124.0,,,inf
562.0,1607277471.114881,124.0,,,inf
563.0,1607277471.125064,124.0,,,inf
564.0,1607277471.13446,124.0,,,inf
565.0,1607277471.145,124.0,,,inf
566.0,1607277471.15438,124.0,,,inf
567.0,1607277471.164754,124.0,,,inf
568.0,1607277471.1748962,124.0,,,inf
569.0,1607277471.184968,124.0,,,inf
570.0,1607277471.195095,124.0,,,inf
571.0,1607277471.2052429,124.0,,,inf
572.0,1607277471.2151859,124.0,,,inf
573.0,1607277471.225145,124.0,,,inf
574.0,1607277471.2354822,124.0,,,inf
575.0,1607277471.245002,124.0,,,inf
576.0,1607277471.254296,124.0,,,inf
577.0,1607277471.2641878,124.0,,,inf
578.0,1607277471.274258,124.0,,,inf
579.0,1607277471.284336,124.0,,,inf
580.0,1607277471.294433,124.0,,,inf
581.0,1607277471.3042738,124.0,,,inf
582.0,1607277471.314841,124.0,,,inf
583.0,1607277471.324416,124.0,,,inf
584.0,1607277471.335142,124.0,,,inf
585.0,1607277471.3450959,124.0,,,inf
586.0,1607277471.354629,124.0,,,inf
587.0,1607277471.364831,124.0,,,inf
588.0,1607277471.375082,124.0,,,inf
589.0,1607277471.3851142,124.0,,,inf
590.0,1607277471.395782,124.0,,,inf
591.0,1607277471.404712,124.0,,,inf
592.0,1607277471.4152489,124.0,,,inf
593.0,1607277471.425272,124.0,,,inf
594.0,1607277471.4356039,124.0,,,inf
595.0,1607277471.4452648,124.0,,,inf
596.0,1607277471.4551208,124.0,,,inf
597.0,1607277471.465039,124.0,,,inf
598.0,1607277471.474795,124.0,,,inf
599.0,1607277471.485169,124.0,,,inf
600.0,1607277471.494283,124.0,,,inf
601.0,1607277471.504422,124.0,,,inf
602.0,1607277471.515028,124.0,,,inf
603.0,1607277471.525293,124.0,,,inf
604.0,1607277471.535315,124.0,,,inf
605.0,1607277471.5453691,124.0,,,inf
606.0,1607277471.5551648,124.0,,,inf
607.0,1607277471.56499,124.0,,,inf
608.0,1607277471.574356,124.0,,,inf
609.0,1607277471.585063,124.0,,,inf
610.0,1607277471.595156,124.0,,,inf
611.0,1607277471.6051168,124.0,,,inf
612.0,1607277471.614992,124.0,,,inf
613.0,1607277471.6249962,124.0,,,inf
614.0,1607277471.6344168,124.0,,,inf
615.0,1607277471.645077,124.0,,,inf
616.0,1607277471.655137,124.0,,,inf
617.0,1607277471.665141,124.0,,,inf
618.0,1607277471.675217,124.0,,,inf
619.0,1607277471.685241,124.0,,,inf
620.0,1607277471.6949792,124.0,,,inf
621.0,1607277471.7051342,124.0,,,inf
622.0,1607277471.7151082,124.0,,,inf
623.0,1607277471.725286,124.0,,,inf
624.0,1607277471.735297,124.0,,,inf
625.0,1607277471.745169,124.0,,,inf
626.0,1607277471.7551649,124.0,,,inf
627.0,1607277471.7647738,124.0,,,inf
628.0,1607277471.7750888,124.0,,,inf
629.0,1607277471.785176,124.0,,,inf
630.0,1607277471.795242,124.0,,,inf
631.0,1607277471.804457,124.0,,,inf
632.0,1607277471.815115,124.0,,,inf
633.0,1607277471.825301,124.0,,,inf
634.0,1607277471.8351529,124.0,,,inf
635.0,1607277471.845147,124.0,,,inf
636.0,1607277471.855118,124.0,,,inf
637.0,1607277471.8647838,124.0,,,inf
638.0,1607277471.8751218,124.0,,,inf
639.0,1607277471.8855019,124.0,,,inf
640.0,1607277471.895267,124.0,,,inf
641.0,1607277471.904348,124.0,,,inf
642.0,1607277471.9150982,124.0,,,inf
643.0,1607277471.9252758,124.0,,,inf
644.0,1607277471.935164,124.0,,,inf
645.0,1607277471.94515,124.0,,,inf
646.0,1607277471.955023,124.0,,,inf
647.0,1607277471.964229,124.0,,,inf
648.0,1607277471.974474,124.0,,,inf
649.0,1607277471.985049,124.0,,,inf
650.0,1607277471.995129,124.0,,,inf
651.0,1607277472.004707,124.0,,,inf
652.0,1607277472.0146291,124.0,,,inf
653.0,1607277472.0252101,124.0,,,inf
654.0,1607277472.0353138,124.0,,,inf
655.0,1607277472.045162,124.0,,,inf
656.0,1607277472.0551429,124.0,,,inf
657.0,1607277472.0650449,124.0,,,inf
658.0,1607277472.075184,124.0,,,inf
659.0,1607277472.085119,124.0,,,inf
660.0,1607277472.095121,124.0,,,inf
661.0,1607277472.1043682,124.0,,,inf
662.0,1607277472.115,124.0,,,inf
663.0,1607277472.12507,124.0,,,inf
664.0,1607277472.134603,124.0,,,inf
665.0,1607277472.145105,124.0,,,inf
666.0,1607277472.155128,124.0,,,inf
667.0,1607277472.16512,124.0,,,inf
668.0,1607277472.175175,124.0,,,inf
669.0,1607277472.185097,124.0,,,inf
670.0,1607277472.1958988,124.0,,,inf
671.0,1607277472.204711,124.0,,,inf
672.0,1607277472.215285,124.0,,,inf
673.0,1607277472.225294,124.0,,,inf
674.0,1607277472.235147,124.0,,,inf
675.0,1607277472.2452102,124.0,,,inf
676.0,1607277472.2552252,124.0,,,inf
677.0,1607277472.264605,124.0,,,inf
678.0,1607277472.275121,124.0,,,inf
679.0,1607277472.285164,124.0,,,inf
680.0,1607277472.294869,124.0,,,inf
681.0,1607277472.30504,124.0,,,inf
682.0,1607277472.3153422,124.0,,,inf
683.0,1607277472.32528,124.0,,,inf
684.0,1607277472.335212,124.0,,,inf
685.0,1607277472.3451579,124.0,,,inf
686.0,1607277472.35499,124.0,,,inf
687.0,1607277472.365181,124.0,,,inf
688.0,1607277472.3751192,124.0,,,inf
689.0,1607277472.385143,124.0,,,inf
690.0,1607277472.395185,124.0,,,inf
691.0,1607277472.4048262,124.0,,,inf
692.0,1607277472.4150631,124.0,,,inf
693.0,1607277472.425088,124.0,,,inf
694.0,1607277472.434952,124.0,,,inf
695.0,1607277472.445878,124.0,,,inf
696.0,1607277472.4551308,124.0,,,inf
697.0,1607277472.46541,124.0,,,inf
698.0,1607277472.4752672,124.0,,,inf
699.0,1607277472.4851332,124.0,,,inf
700.0,1607277472.495119,124.0,,,inf
701.0,1607277472.504798,124.0,,,inf
702.0,1607277472.515114,124.0,,,inf
703.0,1607277472.525256,124.0,,,inf
704.0,1607277472.534809,124.0,,,inf
705.0,1607277472.54515,124.0,,,inf
706.0,1607277472.555049,124.0,,,inf
707.0,1607277472.565143,124.0,,,inf
708.0,1607277472.575226,124.0,,,inf
709.0,1607277472.585114,124.0,,,inf
710.0,1607277472.595267,124.0,,,inf
711.0,1607277472.604788,124.0,,,inf
712.0,1607277472.615086,124.0,,,inf
713.0,1607277472.625087,124.0,,,inf
714.0,1607277472.635058,124.0,,,inf
715.0,1607277472.6452322,124.0,,,inf
716.0,1607277472.655735,124.0,,,inf
717.0,1607277472.665438,124.0,,,inf
718.0,1607277472.6755168,124.0,,,inf
719.0,1607277472.685194,124.0,,,inf
720.0,1607277472.6952589,124.0,,,inf
721.0,1607277472.704395,124.0,,,inf
722.0,1607277472.715322,124.0,,,inf
723.0,1607277472.725239,124.0,,,inf
724.0,1607277472.735174,124.0,,,inf
725.0,1607277472.745444,124.0,,,inf
726.0,1607277472.7549472,124.0,,,inf
727.0,1607277472.764479,124.0,,,inf
728.0,1607277472.774243,124.0,,,inf
729.0,1607277472.7851908,124.0,,,inf
730.0,1607277472.794639,124.0,,,inf
731.0,1607277472.804472,124.0,,,inf
732.0,1607277472.8145359,124.0,,,inf
733.0,1607277472.825639,124.0,,,inf
734.0,1607277472.834688,124.0,,,inf
735.0,1607277472.844396,124.0,,,inf
736.0,1607277472.854429,124.0,,,inf
737.0,1607277472.864892,124.0,,,inf
738.0,1607277472.8754718,124.0,,,inf
739.0,1607277472.884684,124.0,,,inf
740.0,1607277472.894421,124.0,,,inf
741.0,1607277472.904285,124.0,,,inf
742.0,1607277472.916042,124.0,,,inf
743.0,1607277472.9252312,124.0,,,inf
744.0,1607277472.934752,124.0,,,inf
745.0,1607277472.9452648,124.0,,,inf
746.0,1607277472.9544718,124.0,,,inf
747.0,1607277472.9654899,124.0,,,inf
748.0,1607277472.9752278,124.0,,,inf
749.0,1607277472.985227,124.0,,,inf
750.0,1607277472.99514,124.0,,,inf
751.0,1607277473.004355,124.0,,,inf
752.0,1607277473.015069,124.0,,,inf
753.0,1607277473.0259159,124.0,,,inf
754.0,1607277473.035506,124.0,,,inf
755.0,1607277473.045401,124.0,,,inf
756.0,1607277473.055362,124.0,,,inf
757.0,1607277473.0652,124.0,,,inf
758.0,1607277473.075061,124.0,,,inf
759.0,1607277473.0851562,124.0,,,inf
760.0,1607277473.0950148,124.0,,,inf
761.0,1607277473.104248,124.0,,,inf
762.0,1607277473.115305,124.0,,,inf
763.0,1607277473.125221,124.0,,,inf
764.0,1607277473.1351721,124.0,,,inf
765.0,1607277473.1451,124.0,,,inf
766.0,1607277473.155311,124.0,,,inf
767.0,1607277473.164602,124.0,,,inf
768.0,1607277473.175238,124.0,,,inf
769.0,1607277473.18513,124.0,,,inf
770.0,1607277473.195642,124.0,,,inf
771.0,1607277473.2047691,124.0,,,inf
772.0,1607277473.21457,124.0,,,inf
773.0,1607277473.225256,124.0,,,inf
774.0,1607277473.235745,124.0,,,inf
775.0,1607277473.244756,124.0,,,inf
776.0,1607277473.2546492,124.0,,,inf
777.0,1607277473.264524,124.0,,,inf
778.0,1607277473.274247,124.0,,,inf
779.0,1607277473.28487,124.0,,,inf
780.0,1607277473.294662,124.0,,,inf
781.0,1607277473.304373,124.0,,,inf
782.0,1607277473.31483,124.0,,,inf
783.0,1607277473.3253329,124.0,,,inf
784.0,1607277473.334698,124.0,,,inf
785.0,1607277473.3445382,124.0,,,inf
786.0,1607277473.355613,124.0,,,inf
787.0,1607277473.365189,124.0,,,inf
788.0,1607277473.3752599,124.0,,,inf
789.0,1607277473.385293,124.0,,,inf
790.0,1607277473.395113,124.0,,,inf
791.0,1607277473.404475,124.0,,,inf
792.0,1607277473.415448,124.0,,,inf
793.0,1607277473.4245288,124.0,,,inf
794.0,1607277473.434371,124.0,,,inf
795.0,1607277473.444652,124.0,,,inf
796.0,1607277473.455056,124.0,,,inf
797.0,1607277473.465225,124.0,,,inf
798.0,1607277473.475447,124.0,,,inf
799.0,1607277473.484403,124.0,,,inf
800.0,1607277473.494689,124.0,,,inf
801.0,1607277473.5052512,124.0,,,inf
802.0,1607277473.5148978,124.0,,,inf
803.0,1607277473.5243149,124.0,,,inf
804.0,1607277473.534945,124.0,,,inf
805.0,1607277473.5444422,124.0,,,inf
806.0,1607277473.5545971,124.0,,,inf
807.0,1607277473.564391,124.0,,,inf
808.0,1607277473.574778,124.0,,,inf
809.0,1607277473.585346,124.0,,,inf
810.0,1607277473.594592,124.0,,,inf
811.0,1607277473.604718,124.0,,,inf
812.0,1607277473.614262,124.0,,,inf
813.0,1607277473.6251771,124.0,,,inf
814.0,1607277473.6345239,124.0,,,inf
815.0,1607277473.64504,124.0,,,inf
816.0,1607277473.654944,124.0,,,inf
817.0,1607277473.664685,124.0,,,inf
818.0,1607277473.6748428,124.0,,,inf
819.0,1607277473.6840808,124.0,,,inf
820.0,1607277473.694634,124.0,,,inf
821.0,1607277473.705526,124.0,,,inf
822.0,1607277473.714088,124.0,,,inf
823.0,1607277473.724869,124.0,,,inf
824.0,1607277473.734468,124.0,,,inf
825.0,1607277473.745149,124.0,,,inf
826.0,1607277473.755305,124.0,,,inf
827.0,1607277473.764405,124.0,,,inf
828.0,1607277473.7742422,124.0,,,inf
829.0,1607277473.784576,124.0,,,inf
830.0,1607277473.7951171,124.0,,,inf
831.0,1607277473.8051488,124.0,,,inf
832.0,1607277473.8144078,124.0,,,inf
833.0,1607277473.825282,124.0,,,inf
834.0,1607277473.8351512,124.0,,,inf
835.0,1607277473.845106,124.0,,,inf
836.0,1607277473.8551948,124.0,,,inf
837.0,1607277473.8643048,124.0,,,inf
838.0,1607277473.875131,124.0,,,inf
839.0,1607277473.8850749,124.0,,,inf
840.0,1607277473.8950841,124.0,,,inf
841.0,1607277473.904337,124.0,,,inf
842.0,1607277473.914474,124.0,,,inf
843.0,1607277473.925225,124.0,,,inf
844.0,1607277473.935101,124.0,,,inf
845.0,1607277473.94522,124.0,,,inf
846.0,1607277473.9545379,124.0,,,inf
847.0,1607277473.9643881,124.0,,,inf
848.0,1607277473.975165,124.0,,,inf
849.0,1607277473.985188,124.0,,,inf
850.0,1607277473.995776,124.0,,,inf
851.0,1607277474.004695,124.0,,,inf
852.0,1607277474.0145001,124.0,,,inf
853.0,1607277474.0252411,124.0,,,inf
854.0,1607277474.03514,124.0,,,inf
855.0,1607277474.045109,124.0,,,inf
856.0,1607277474.054755,124.0,,,inf
857.0,1607277474.064493,124.0,,,inf
858.0,1607277474.075155,124.0,,,inf
859.0,1607277474.085238,124.0,,,inf
860.0,1607277474.0952692,124.0,,,inf
861.0,1607277474.104246,124.0,,,inf
862.0,1607277474.114392,124.0,,,inf
863.0,1607277474.1245928,124.0,,,inf
864.0,1607277474.135202,124.0,,,inf
865.0,1607277474.144268,124.0,,,inf
866.0,1607277474.155113,124.0,,,inf
867.0,1607277474.165636,124.0,,,inf
868.0,1607277474.174858,124.0,,,inf
869.0,1607277474.185466,124.0,,,inf
870.0,1607277474.1952472,124.0,,,inf
871.0,1607277474.204354,124.0,,,inf
872.0,1607277474.214539,124.0,,,inf
873.0,1607277474.224525,124.0,,,inf
874.0,1607277474.23529,124.0,,,inf
875.0,1607277474.24518,124.0,,,inf
876.0,1607277474.2545059,124.0,,,inf
877.0,1607277474.2650728,124.0,,,inf
878.0,1607277474.27522,124.0,,,inf
879.0,1607277474.2864351,124.0,,,inf
880.0,1607277474.2947578,124.0,,,inf
881.0,1607277474.3044229,124.0,,,inf
882.0,1607277474.315074,124.0,,,inf
883.0,1607277474.32543,124.0,,,inf
884.0,1607277474.334603,124.0,,,inf
885.0,1607277474.3444,124.0,,,inf
886.0,1607277474.3548129,124.0,,,inf
887.0,1607277474.3654022,124.0,,,inf
888.0,1607277474.374412,124.0,,,inf
889.0,1607277474.385222,124.0,,,inf
890.0,1607277474.3947608,124.0,,,inf
891.0,1607277474.40428,124.0,,,inf
892.0,1607277474.414273,124.0,,,inf
893.0,1607277474.425316,124.0,,,inf
894.0,1607277474.435036,124.0,,,inf
895.0,1607277474.445357,124.0,,,inf
896.0,1607277474.454849,124.0,,,inf
897.0,1607277474.465064,124.0,,,inf
898.0,1607277474.47408,124.0,,,inf
899.0,1607277474.485476,124.0,,,inf
900.0,1607277474.494414,124.0,,,inf
901.0,1607277474.504288,124.0,,,inf
902.0,1607277474.515002,124.0,,,inf
903.0,1607277474.5254111,124.0,,,inf
904.0,1607277474.5344908,124.0,,,inf
905.0,1607277474.545354,124.0,,,inf
906.0,1607277474.5551722,124.0,,,inf
907.0,1607277474.565226,124.0,,,inf
908.0,1607277474.5744681,124.0,,,inf
909.0,1607277474.585278,124.0,,,inf
910.0,1607277474.595168,124.0,,,inf
911.0,1607277474.604257,124.0,,,inf
912.0,1607277474.61455,124.0,,,inf
913.0,1607277474.6251872,124.0,,,inf
914.0,1607277474.635251,124.0,,,inf
915.0,1607277474.64529,124.0,,,inf
916.0,1607277474.654988,124.0,,,inf
917.0,1607277474.6652758,124.0,,,inf
918.0,1607277474.675124,124.0,,,inf
919.0,1607277474.6852522,124.0,,,inf
920.0,1607277474.6943848,124.0,,,inf
921.0,1607277474.704391,124.0,,,inf
922.0,1607277474.715091,124.0,,,inf
923.0,1607277474.725336,124.0,,,inf
924.0,1607277474.7345679,124.0,,,inf
925.0,1607277474.745167,124.0,,,inf
926.0,1607277474.75476,124.0,,,inf
927.0,1607277474.764533,124.0,,,inf
928.0,1607277474.7751522,124.0,,,inf
929.0,1607277474.7851079,124.0,,,inf
930.0,1607277474.7943769,124.0,,,inf
931.0,1607277474.804258,124.0,,,inf
932.0,1607277474.815136,124.0,,,inf
933.0,1607277474.825165,124.0,,,inf
934.0,1607277474.835114,124.0,,,inf
935.0,1607277474.845106,124.0,,,inf
936.0,1607277474.854732,124.0,,,inf
937.0,1607277474.8650649,124.0,,,inf
938.0,1607277474.875134,124.0,,,inf
939.0,1607277474.88516,124.0,,,inf
940.0,1607277474.894374,124.0,,,inf
941.0,1607277474.9043462,124.0,,,inf
942.0,1607277474.914953,124.0,,,inf
943.0,1607277474.925293,124.0,,,inf
944.0,1607277474.9351838,124.0,,,inf
945.0,1607277474.9452312,124.0,,,inf
946.0,1607277474.954676,124.0,,,inf
947.0,1607277474.964632,124.0,,,inf
948.0,1607277474.974595,124.0,,,inf
949.0,1607277474.9853902,124.0,,,inf
950.0,1607277474.994408,124.0,,,inf
951.0,1607277475.004267,124.0,,,inf
952.0,1607277475.015224,124.0,,,inf
953.0,1607277475.025866,124.0,,,inf
954.0,1607277475.035475,124.0,,,inf
955.0,1607277475.045412,124.0,,,inf
956.0,1607277475.054883,124.0,,,inf
957.0,1607277475.0650492,124.0,,,inf
958.0,1607277475.075191,124.0,,,inf
959.0,1607277475.0852668,124.0,,,inf
960.0,1607277475.094423,124.0,,,inf
961.0,1607277475.1042922,124.0,,,inf
962.0,1607277475.115104,124.0,,,inf
963.0,1607277475.1240408,124.0,,,inf
964.0,1607277475.1351879,124.0,,,inf
965.0,1607277475.145247,124.0,,,inf
966.0,1607277475.154909,124.0,,,inf
967.0,1607277475.16484,124.0,,,inf
968.0,1607277475.174528,124.0,,,inf
969.0,1607277475.185204,124.0,,,inf
970.0,1607277475.194468,124.0,,,inf
971.0,1607277475.204402,124.0,,,inf
972.0,1607277475.215128,124.0,,,inf
973.0,1607277475.224287,124.0,,,inf
974.0,1607277475.2349372,124.0,,,inf
975.0,1607277475.245096,124.0,,,inf
976.0,1607277475.254177,124.0,,,inf
977.0,1607277475.264553,124.0,,,inf
978.0,1607277475.27512,124.0,,,inf
979.0,1607277475.28525,124.0,,,inf
980.0,1607277475.294454,124.0,,,inf
981.0,1607277475.3044438,124.0,,,inf
982.0,1607277475.3152452,124.0,,,inf
983.0,1607277475.325309,124.0,,,inf
984.0,1607277475.335406,124.0,,,inf
985.0,1607277475.344367,124.0,,,inf
986.0,1607277475.35521,124.0,,,inf
987.0,1607277475.365054,124.0,,,inf
988.0,1607277475.3754392,124.0,,,inf
989.0,1607277475.384707,124.0,,,inf
990.0,1607277475.3942568,124.0,,,inf
991.0,1607277475.405205,124.0,,,inf
992.0,1607277475.415395,124.0,,,inf
993.0,1607277475.425761,124.0,,,inf
994.0,1607277475.434755,124.0,,,inf
995.0,1607277475.4450712,124.0,,,inf
996.0,1607277475.455275,124.0,,,inf
997.0,1607277475.464843,124.0,,,inf
998.0,1607277475.474519,124.0,,,inf
999.0,1607277475.4894102,124.0,,,inf
1000.0,1607277475.505644,124.0,,,inf
1001.0,1607277475.5195389,124.0,,,inf
1002.0,1607277475.530248,124.0,,,inf
1003.0,1607277475.539745,124.0,,,inf
1004.0,1607277475.55009,124.0,,,inf
1005.0,1607277475.560898,124.0,,,inf
1006.0,1607277475.570552,124.0,,,inf
1007.0,1607277475.580456,124.0,,,inf
1008.0,1607277475.589936,124.0,,,inf
1009.0,1607277475.5996811,124.0,,,inf
1010.0,1607277475.6102521,124.0,,,inf
1011.0,1607277475.619502,124.0,,,inf
1012.0,1607277475.6300318,124.0,,,inf
1013.0,1607277475.640071,124.0,,,inf
1014.0,1607277475.650891,124.0,,,inf
1015.0,1607277475.660722,124.0,,,inf
1016.0,1607277475.6704268,124.0,,,inf
1017.0,1607277475.680356,124.0,,,inf
1018.0,1607277475.6899352,124.0,,,inf
1019.0,1607277475.7002618,124.0,,,inf
1020.0,1607277475.710241,124.0,,,inf
1021.0,1607277475.719856,124.0,,,inf
1022.0,1607277475.7302258,124.0,,,inf
1023.0,1607277475.739573,124.0,,,inf
1024.0,1607277475.750026,124.0,,,inf
1025.0,1607277475.760261,124.0,,,inf
1026.0,1607277475.770026,124.0,,,inf
1027.0,1607277475.780118,124.0,,,inf
1028.0,1607277475.790143,124.0,,,inf
1029.0,1607277475.799401,124.0,,,inf
1030.0,1607277475.810196,124.0,,,inf
1031.0,1607277475.819853,124.0,,,inf
1032.0,1607277475.830076,124.0,,,inf
1033.0,1607277475.839974,124.0,,,inf
1034.0,1607277475.850133,124.0,,,inf
1035.0,1607277475.860332,124.0,,,inf
1036.0,1607277475.870004,124.0,,,inf
1037.0,1607277475.880146,124.0,,,inf
1038.0,1607277475.8900359,124.0,,,inf
1039.0,1607277475.900311,124.0,,,inf
1040.0,1607277475.91036,124.0,,,inf
1041.0,1607277475.919947,124.0,,,inf
1042.0,1607277475.930064,124.0,,,inf
1043.0,1607277475.9395578,124.0,,,inf
1044.0,1607277475.950101,124.0,,,inf
1045.0,1607277475.959158,124.0,,,inf
1046.0,1607277475.970828,124.0,,,inf
1047.0,1607277475.980462,124.0,,,inf
1048.0,1607277475.990405,124.0,,,inf
1049.0,1607277476.000315,124.0,,,inf
1050.0,1607277476.010277,124.0,,,inf
1051.0,1607277476.019798,124.0,,,inf
1052.0,1607277476.029315,124.0,,,inf
1053.0,1607277476.0397592,124.0,,,inf
1054.0,1607277476.049806,124.0,,,inf
1055.0,1607277476.060141,124.0,,,inf
1056.0,1607277476.070061,124.0,,,inf
1057.0,1607277476.079884,124.0,,,inf
1058.0,1607277476.089422,124.0,,,inf
1059.0,1607277476.0997682,124.0,,,inf
1060.0,1607277476.110293,124.0,,,inf
1061.0,1607277476.119908,124.0,,,inf
1062.0,1607277476.130086,124.0,,,inf
1063.0,1607277476.139861,124.0,,,inf
1064.0,1607277476.150934,124.0,,,inf
1065.0,1607277476.1604888,124.0,,,inf
1066.0,1607277476.170408,124.0,,,inf
1067.0,1607277476.180204,124.0,,,inf
1068.0,1607277476.189564,124.0,,,inf
1069.0,1607277476.200259,124.0,,,inf
1070.0,1607277476.2103019,124.0,,,inf
1071.0,1607277476.219996,124.0,,,inf
1072.0,1607277476.230905,124.0,,,inf
1073.0,1607277476.239678,124.0,,,inf
1074.0,1607277476.250033,124.0,,,inf
1075.0,1607277476.2599082,124.0,,,inf
1076.0,1607277476.2700648,124.0,,,inf
1077.0,1607277476.279613,124.0,,,inf
1078.0,1607277476.28971,124.0,,,inf
1079.0,1607277476.300286,124.0,,,inf
1080.0,1607277476.3092852,124.0,,,inf
1081.0,1607277476.320401,124.0,,,inf
1082.0,1607277476.3298318,124.0,,,inf
1083.0,1607277476.339843,124.0,,,inf
1084.0,1607277476.349459,124.0,,,inf
1085.0,1607277476.359293,124.0,,,inf
1086.0,1607277476.370131,124.0,,,inf
1087.0,1607277476.379138,124.0,,,inf
1088.0,1607277476.389777,124.0,,,inf
1089.0,1607277476.399909,124.0,,,inf
1090.0,1607277476.409525,124.0,,,inf
1091.0,1607277476.420268,124.0,,,inf
1092.0,1607277476.429375,124.0,,,inf
1093.0,1607277476.4401019,124.0,,,inf
1094.0,1607277476.4500968,124.0,,,inf
1095.0,1607277476.460264,124.0,,,inf
1096.0,1607277476.470353,124.0,,,inf
1097.0,1607277476.4800808,124.0,,,inf
1098.0,1607277476.490058,124.0,,,inf
1099.0,1607277476.500221,124.0,,,inf
1100.0,1607277476.510234,124.0,,,inf
1101.0,1607277476.5203671,124.0,,,inf
1102.0,1607277476.530119,124.0,,,inf
1103.0,1607277476.539498,124.0,,,inf
1104.0,1607277476.550068,124.0,,,inf
1105.0,1607277476.560145,124.0,,,inf
1106.0,1607277476.5703628,124.0,,,inf
1107.0,1607277476.580122,124.0,,,inf
1108.0,1607277476.590378,124.0,,,inf
1109.0,1607277476.600296,124.0,,,inf
1110.0,1607277476.6100569,124.0,,,inf
1111.0,1607277476.620045,124.0,,,inf
1112.0,1607277476.630259,124.0,,,inf
1113.0,1607277476.640152,124.0,,,inf
1114.0,1607277476.650097,124.0,,,inf
1115.0,1607277476.6601741,124.0,,,inf
1116.0,1607277476.6700811,124.0,,,inf
1117.0,1607277476.6801322,124.0,,,inf
1118.0,1607277476.690101,124.0,,,inf
1119.0,1607277476.7001019,124.0,,,inf
1120.0,1607277476.710326,124.0,,,inf
1121.0,1607277476.720041,124.0,,,inf
1122.0,1607277476.730075,124.0,,,inf
1123.0,1607277476.740163,124.0,,,inf
1124.0,1607277476.750175,124.0,,,inf
1125.0,1607277476.760227,124.0,,,inf
1126.0,1607277476.770126,124.0,,,inf
1127.0,1607277476.780134,124.0,,,inf
1128.0,1607277476.790007,124.0,,,inf
1129.0,1607277476.800226,124.0,,,inf
1130.0,1607277476.809943,124.0,,,inf
1131.0,1607277476.820137,124.0,,,inf
1132.0,1607277476.830111,124.0,,,inf
1133.0,1607277476.840102,124.0,,,inf
1134.0,1607277476.84943,124.0,,,inf
1135.0,1607277476.8601542,124.0,,,inf
1136.0,1607277476.870938,124.0,,,inf
1137.0,1607277476.8804638,124.0,,,inf
1138.0,1607277476.890551,124.0,,,inf
1139.0,1607277476.900335,124.0,,,inf
1140.0,1607277476.910327,124.0,,,inf
1141.0,1607277476.9200902,124.0,,,inf
1142.0,1607277476.930136,124.0,,,inf
1143.0,1607277476.939242,124.0,,,inf
1144.0,1607277476.950444,124.0,,,inf
1145.0,1607277476.9604359,124.0,,,inf
1146.0,1607277476.970069,124.0,,,inf
1147.0,1607277476.980094,124.0,,,inf
1148.0,1607277476.9899871,124.0,,,inf
1149.0,1607277477.000963,124.0,,,inf
1150.0,1607277477.01056,124.0,,,inf
1151.0,1607277477.02004,124.0,,,inf
1152.0,1607277477.030574,124.0,,,inf
1153.0,1607277477.039843,124.0,,,inf
1154.0,1607277477.050108,124.0,,,inf
1155.0,1607277477.0601962,124.0,,,inf
1156.0,1607277477.070186,124.0,,,inf
1157.0,1607277477.080172,124.0,,,inf
1158.0,1607277477.089864,124.0,,,inf
1159.0,1607277477.100061,124.0,,,inf
1160.0,1607277477.110173,124.0,,,inf
1161.0,1607277477.120003,124.0,,,inf
1162.0,1607277477.1300511,124.0,,,inf
1163.0,1607277477.139689,124.0,,,inf
1164.0,1607277477.150208,124.0,,,inf
1165.0,1607277477.1602309,124.0,,,inf
1166.0,1607277477.1703649,124.0,,,inf
1167.0,1607277477.180209,124.0,,,inf
1168.0,1607277477.189517,124.0,,,inf
1169.0,1607277477.200259,124.0,,,inf
1170.0,1607277477.2102761,124.0,,,inf
1171.0,1607277477.219998,124.0,,,inf
1172.0,1607277477.2302332,124.0,,,inf
1173.0,1607277477.239448,124.0,,,inf
1174.0,1607277477.250449,124.0,,,inf
1175.0,1607277477.260371,124.0,,,inf
1176.0,1607277477.270251,124.0,,,inf
1177.0,1607277477.2800949,124.0,,,inf
1178.0,1607277477.289838,124.0,,,inf
1179.0,1607277477.300981,124.0,,,inf
1180.0,1607277477.310737,124.0,,,inf
1181.0,1607277477.320077,124.0,,,inf
1182.0,1607277477.330358,124.0,,,inf
1183.0,1607277477.3397372,124.0,,,inf
1184.0,1607277477.350065,124.0,,,inf
1185.0,1607277477.3602371,124.0,,,inf
1186.0,1607277477.370122,124.0,,,inf
1187.0,1607277477.379788,124.0,,,inf
1188.0,1607277477.389729,124.0,,,inf
1189.0,1607277477.400265,124.0,,,inf
1190.0,1607277477.410254,124.0,,,inf
1191.0,1607277477.4197829,124.0,,,inf
1192.0,1607277477.430072,124.0,,,inf
1193.0,1607277477.439498,124.0,,,inf
1194.0,1607277477.4500742,124.0,,,inf
1195.0,1607277477.459112,124.0,,,inf
1196.0,1607277477.470796,124.0,,,inf
1197.0,1607277477.480486,124.0,,,inf
1198.0,1607277477.490495,124.0,,,inf
1199.0,1607277477.5003011,124.0,,,inf
1200.0,1607277477.5102851,124.0,,,inf
1201.0,1607277477.519773,124.0,,,inf
1202.0,1607277477.530616,124.0,,,inf
1203.0,1607277477.540663,124.0,,,inf
1204.0,1607277477.550056,124.0,,,inf
1205.0,1607277477.559278,124.0,,,inf
1206.0,1607277477.570226,124.0,,,inf
1207.0,1607277477.580226,124.0,,,inf
1208.0,1607277477.589855,124.0,,,inf
1209.0,1607277477.600301,124.0,,,inf
1210.0,1607277477.6102972,124.0,,,inf
1211.0,1607277477.6195579,124.0,,,inf
1212.0,1607277477.630046,124.0,,,inf
1213.0,1607277477.639528,124.0,,,inf
1214.0,1607277477.650089,124.0,,,inf
1215.0,1607277477.6601632,124.0,,,inf
1216.0,1607277477.670204,124.0,,,inf
1217.0,1607277477.680305,124.0,,,inf
1218.0,1607277477.689864,124.0,,,inf
1219.0,1607277477.700177,124.0,,,inf
1220.0,1607277477.710186,124.0,,,inf
1221.0,1607277477.7199569,124.0,,,inf
1222.0,1607277477.730091,124.0,,,inf
1223.0,1607277477.740621,124.0,,,inf
1224.0,1607277477.750481,124.0,,,inf
1225.0,1607277477.760305,124.0,,,inf
1226.0,1607277477.770206,124.0,,,inf
1227.0,1607277477.780087,124.0,,,inf
1228.0,1607277477.790137,124.0,,,inf
1229.0,1607277477.800221,124.0,,,inf
1230.0,1607277477.8096142,124.0,,,inf
1231.0,1607277477.819909,124.0,,,inf
1232.0,1607277477.829982,124.0,,,inf
1233.0,1607277477.8401191,124.0,,,inf
1234.0,1607277477.849792,124.0,,,inf
1235.0,1607277477.860192,124.0,,,inf
1236.0,1607277477.870126,124.0,,,inf
1237.0,1607277477.880092,124.0,,,inf
1238.0,1607277477.890087,124.0,,,inf
1239.0,1607277477.900429,124.0,,,inf
1240.0,1607277477.90918,124.0,,,inf
1241.0,1607277477.919795,124.0,,,inf
1242.0,1607277477.9306161,124.0,,,inf
1243.0,1607277477.940423,124.0,,,inf
1244.0,1607277477.949456,124.0,,,inf
1245.0,1607277477.960138,124.0,,,inf
1246.0,1607277477.970172,124.0,,,inf
1247.0,1607277477.9800909,124.0,,,inf
1248.0,1607277477.9900942,124.0,,,inf
1249.0,1607277478.000134,124.0,,,inf
1250.0,1607277478.010132,124.0,,,inf
1251.0,1607277478.019806,124.0,,,inf
1252.0,1607277478.030645,124.0,,,inf
1253.0,1607277478.039544,124.0,,,inf
1254.0,1607277478.050236,124.0,,,inf
1255.0,1607277478.059865,124.0,,,inf
1256.0,1607277478.0703208,124.0,,,inf
1257.0,1607277478.080204,124.0,,,inf
1258.0,1607277478.090037,124.0,,,inf
1259.0,1607277478.100218,124.0,,,inf
1260.0,1607277478.110176,124.0,,,inf
1261.0,1607277478.1198149,124.0,,,inf
1262.0,1607277478.130652,124.0,,,inf
1263.0,1607277478.1403048,124.0,,,inf
1264.0,1607277478.1504378,124.0,,,inf
1265.0,1607277478.160545,124.0,,,inf
1266.0,1607277478.169609,124.0,,,inf
1267.0,1607277478.180126,124.0,,,inf
1268.0,1607277478.1895978,124.0,,,inf
1269.0,1607277478.2001688,124.0,,,inf
1270.0,1607277478.21025,124.0,,,inf
1271.0,1607277478.2198179,124.0,,,inf
1272.0,1607277478.2302458,124.0,,,inf
1273.0,1607277478.239881,124.0,,,inf
1274.0,1607277478.251005,124.0,,,inf
1275.0,1607277478.2605271,124.0,,,inf
1276.0,1607277478.270592,124.0,,,inf
1277.0,1607277478.280231,124.0,,,inf
1278.0,1607277478.289597,124.0,,,inf
1279.0,1607277478.300143,124.0,,,inf
1280.0,1607277478.310923,124.0,,,inf
1281.0,1607277478.32029,124.0,,,inf
1282.0,1607277478.330507,124.0,,,inf
1283.0,1607277478.339259,124.0,,,inf
1284.0,1607277478.3504572,124.0,,,inf
1285.0,1607277478.3605602,124.0,,,inf
1286.0,1607277478.3706,124.0,,,inf
1287.0,1607277478.380246,124.0,,,inf
1288.0,1607277478.389615,124.0,,,inf
1289.0,1607277478.400188,124.0,,,inf
1290.0,1607277478.410123,124.0,,,inf
1291.0,1607277478.419903,124.0,,,inf
1292.0,1607277478.430096,124.0,,,inf
1293.0,1607277478.439451,124.0,,,inf
1294.0,1607277478.450927,124.0,,,inf
1295.0,1607277478.460642,124.0,,,inf
1296.0,1607277478.470569,124.0,,,inf
1297.0,1607277478.480181,124.0,,,inf
1298.0,1607277478.489685,124.0,,,inf
1299.0,1607277478.500226,124.0,,,inf
1300.0,1607277478.5095701,124.0,,,inf
1301.0,1607277478.520353,124.0,,,inf
1302.0,1607277478.5300128,124.0,,,inf
1303.0,1607277478.5406232,124.0,,,inf
1304.0,1607277478.5494661,124.0,,,inf
1305.0,1607277478.560289,124.0,,,inf
1306.0,1607277478.5699499,124.0,,,inf
1307.0,1607277478.580145,124.0,,,inf
1308.0,1607277478.5901709,124.0,,,inf
1309.0,1607277478.600205,124.0,,,inf
1310.0,1607277478.6102898,124.0,,,inf
1311.0,1607277478.6199281,124.0,,,inf
1312.0,1607277478.6306298,124.0,,,inf
1313.0,1607277478.639549,124.0,,,inf
1314.0,1607277478.650214,124.0,,,inf
1315.0,1607277478.6599438,124.0,,,inf
1316.0,1607277478.670279,124.0,,,inf
1317.0,1607277478.68018,124.0,,,inf
1318.0,1607277478.6901178,124.0,,,inf
1319.0,1607277478.700198,124.0,,,inf
1320.0,1607277478.7101948,124.0,,,inf
1321.0,1607277478.720015,124.0,,,inf
1322.0,1607277478.730096,124.0,,,inf
1323.0,1607277478.740051,124.0,,,inf
1324.0,1607277478.7500858,124.0,,,inf
1325.0,1607277478.76019,124.0,,,inf
1326.0,1607277478.7704341,124.0,,,inf
1327.0,1607277478.7801511,124.0,,,inf
1328.0,1607277478.7899609,124.0,,,inf
1329.0,1607277478.8001258,124.0,,,inf
1330.0,1607277478.810174,124.0,,,inf
1331.0,1607277478.8199549,124.0,,,inf
1332.0,1607277478.830192,124.0,,,inf
1333.0,1607277478.839479,124.0,,,inf
1334.0,1607277478.850393,124.0,,,inf
1335.0,1607277478.860192,124.0,,,inf
1336.0,1607277478.870456,124.0,,,inf
1337.0,1607277478.880172,124.0,,,inf
1338.0,1607277478.8898299,124.0,,,inf
1339.0,1607277478.900102,124.0,,,inf
1340.0,1607277478.9101288,124.0,,,inf
1341.0,1607277478.920287,124.0,,,inf
1342.0,1607277478.930084,124.0,,,inf
1343.0,1607277478.9395251,124.0,,,inf
1344.0,1607277478.950957,124.0,,,inf
1345.0,1607277478.9604192,124.0,,,inf
1346.0,1607277478.970177,124.0,,,inf
1347.0,1607277478.979637,124.0,,,inf
1348.0,1607277478.989877,124.0,,,inf
1349.0,1607277479.000294,124.0,,,inf
1350.0,1607277479.009387,124.0,,,inf
1351.0,1607277479.019419,124.0,,,inf
1352.0,1607277479.030981,124.0,,,inf
1353.0,1607277479.040215,124.0,,,inf
1354.0,1607277479.0494962,124.0,,,inf
1355.0,1607277479.0599182,124.0,,,inf
1356.0,1607277479.0702112,124.0,,,inf
1357.0,1607277479.0807219,124.0,,,inf
1358.0,1607277479.089493,124.0,,,inf
1359.0,1607277479.100223,124.0,,,inf
1360.0,1607277479.109819,124.0,,,inf
1361.0,1607277479.119911,124.0,,,inf
1362.0,1607277479.1303391,124.0,,,inf
1363.0,1607277479.139321,124.0,,,inf
1364.0,1607277479.1500502,124.0,,,inf
1365.0,1607277479.160206,124.0,,,inf
1366.0,1607277479.17006,124.0,,,inf
1367.0,1607277479.18012,124.0,,,inf
1368.0,1607277479.189729,124.0,,,inf
1369.0,1607277479.199693,124.0,,,inf
1370.0,1607277479.210228,124.0,,,inf
1371.0,1607277479.2199621,124.0,,,inf
1372.0,1607277479.230179,124.0,,,inf
1373.0,1607277479.240128,124.0,,,inf
1374.0,1607277479.250301,124.0,,,inf
1375.0,1607277479.259901,124.0,,,inf
1376.0,1607277479.270071,124.0,,,inf
1377.0,1607277479.279069,124.0,,,inf
1378.0,1607277479.289522,124.0,,,inf
1379.0,1607277479.300299,124.0,,,inf
1380.0,1607277479.309859,124.0,,,inf
1381.0,1607277479.320111,124.0,,,inf
1382.0,1607277479.330358,124.0,,,inf
1383.0,1607277479.339286,124.0,,,inf
1384.0,1607277479.34928,124.0,,,inf
1385.0,1607277479.3594282,124.0,,,inf
1386.0,1607277479.369816,124.0,,,inf
1387.0,1607277479.3798559,124.0,,,inf
1388.0,1607277479.389411,124.0,,,inf
1389.0,1607277479.399368,124.0,,,inf
1390.0,1607277479.410218,124.0,,,inf
1391.0,1607277479.419792,124.0,,,inf
1392.0,1607277479.4301262,124.0,,,inf
1393.0,1607277479.439986,124.0,,,inf
1394.0,1607277479.4510138,124.0,,,inf
1395.0,1607277479.4594991,124.0,,,inf
1396.0,1607277479.470446,124.0,,,inf
1397.0,1607277479.480165,124.0,,,inf
1398.0,1607277479.489193,124.0,,,inf
1399.0,1607277479.5000901,124.0,,,inf
1400.0,1607277479.509856,124.0,,,inf
1401.0,1607277479.520086,124.0,,,inf
1402.0,1607277479.530085,124.0,,,inf
1403.0,1607277479.5396302,124.0,,,inf
1404.0,1607277479.549726,124.0,,,inf
1405.0,1607277479.559242,124.0,,,inf
1406.0,1607277479.570268,124.0,,,inf
1407.0,1607277479.579253,124.0,,,inf
1408.0,1607277479.5893319,124.0,,,inf
1409.0,1607277479.600211,124.0,,,inf
1410.0,1607277479.6097221,124.0,,,inf
1411.0,1607277479.619909,124.0,,,inf
1412.0,1607277479.630215,124.0,,,inf
1413.0,1607277479.6390889,124.0,,,inf
1414.0,1607277479.6511722,124.0,,,inf
1415.0,1607277479.659729,124.0,,,inf
1416.0,1607277479.670246,124.0,,,inf
1417.0,1607277479.680285,124.0,,,inf
1418.0,1607277479.689195,124.0,,,inf
1419.0,1607277479.700146,124.0,,,inf
1420.0,1607277479.7096,124.0,,,inf
1421.0,1607277479.720043,124.0,,,inf
1422.0,1607277479.729672,124.0,,,inf
1423.0,1607277479.739865,124.0,,,inf
1424.0,1607277479.7501109,124.0,,,inf
1425.0,1607277479.7592902,124.0,,,inf
1426.0,1607277479.770157,124.0,,,inf
1427.0,1607277479.780289,124.0,,,inf
1428.0,1607277479.789192,124.0,,,inf
1429.0,1607277479.7996328,124.0,,,inf
1430.0,1607277479.809182,124.0,,,inf
1431.0,1607277479.820042,124.0,,,inf
1432.0,1607277479.830239,124.0,,,inf
1433.0,1607277479.8396711,124.0,,,inf
1434.0,1607277479.850089,124.0,,,inf
1435.0,1607277479.860055,124.0,,,inf
1436.0,1607277479.8696032,124.0,,,inf
1437.0,1607277479.880099,124.0,,,inf
1438.0,1607277479.889237,124.0,,,inf
1439.0,1607277479.900206,124.0,,,inf
1440.0,1607277479.909835,124.0,,,inf
1441.0,1607277479.920375,124.0,,,inf
1442.0,1607277479.930242,124.0,,,inf
1443.0,1607277479.939477,124.0,,,inf
1444.0,1607277479.950054,124.0,,,inf
1445.0,1607277479.959616,124.0,,,inf
1446.0,1607277479.970408,124.0,,,inf
1447.0,1607277479.980212,124.0,,,inf
1448.0,1607277479.989203,124.0,,,inf
1449.0,1607277479.999594,124.0,,,inf
1450.0,1607277480.009732,124.0,,,inf
1451.0,1607277480.019913,124.0,,,inf
1452.0,1607277480.030251,124.0,,,inf
1453.0,1607277480.0393941,124.0,,,inf
1454.0,1607277480.04953,124.0,,,inf
1455.0,1607277480.0597818,124.0,,,inf
1456.0,1607277480.070425,124.0,,,inf
1457.0,1607277480.0802062,124.0,,,inf
1458.0,1607277480.0892649,124.0,,,inf
1459.0,1607277480.100986,124.0,,,inf
1460.0,1607277480.109608,124.0,,,inf
1461.0,1607277480.119479,124.0,,,inf
1462.0,1607277480.130265,124.0,,,inf
1463.0,1607277480.139195,124.0,,,inf
1464.0,1607277480.15013,124.0,,,inf
1465.0,1607277480.1603332,124.0,,,inf
1466.0,1607277480.170475,124.0,,,inf
1467.0,1607277480.1801789,124.0,,,inf
1468.0,1607277480.189763,124.0,,,inf
1469.0,1607277480.1993,124.0,,,inf
1470.0,1607277480.2097259,124.0,,,inf
1471.0,1607277480.219969,124.0,,,inf
1472.0,1607277480.229727,124.0,,,inf
1473.0,1607277480.240082,124.0,,,inf
1474.0,1607277480.2492118,124.0,,,inf
1475.0,1607277480.259597,124.0,,,inf
1476.0,1607277480.269402,124.0,,,inf
1477.0,1607277480.2800782,124.0,,,inf
1478.0,1607277480.289296,124.0,,,inf
1479.0,1607277480.2995121,124.0,,,inf
1480.0,1607277480.3100648,124.0,,,inf
1481.0,1607277480.32022,124.0,,,inf
1482.0,1607277480.329556,124.0,,,inf
1483.0,1607277480.3401952,124.0,,,inf
1484.0,1607277480.350218,124.0,,,inf
1485.0,1607277480.3598452,124.0,,,inf
1486.0,1607277480.370083,124.0,,,inf
1487.0,1607277480.3800828,124.0,,,inf
1488.0,1607277480.390293,124.0,,,inf
1489.0,1607277480.400053,124.0,,,inf
1490.0,1607277480.410159,124.0,,,inf
1491.0,1607277480.4200718,124.0,,,inf
1492.0,1607277480.430061,124.0,,,inf
1493.0,1607277480.4398,124.0,,,inf
1494.0,1607277480.450368,124.0,,,inf
1495.0,1607277480.460256,124.0,,,inf
1496.0,1607277480.470251,124.0,,,inf
1497.0,1607277480.480105,124.0,,,inf
1498.0,1607277480.490109,124.0,,,inf
1499.0,1607277480.5052102,124.0,,,inf
1500.0,1607277480.52997,124.0,,,inf
1501.0,1607277480.540214,124.0,,,inf
1502.0,1607277480.550518,124.0,,,inf
1503.0,1607277480.560317,124.0,,,inf
1504.0,1607277480.57121,124.0,,,inf
1505.0,1607277480.580874,124.0,,,inf
1506.0,1607277480.590604,124.0,,,inf
1507.0,1607277480.599707,124.0,,,inf
1508.0,1607277480.609271,124.0,,,inf
1509.0,1607277480.619554,124.0,,,inf
1510.0,1607277480.629736,124.0,,,inf
1511.0,1607277480.63969,124.0,,,inf
1512.0,1607277480.650162,124.0,,,inf
1513.0,1607277480.6603289,124.0,,,inf
1514.0,1607277480.669174,124.0,,,inf
1515.0,1607277480.680032,124.0,,,inf
1516.0,1607277480.6893282,124.0,,,inf
1517.0,1607277480.699224,124.0,,,inf
1518.0,1607277480.710262,124.0,,,inf
1519.0,1607277480.720046,124.0,,,inf
1520.0,1607277480.730342,124.0,,,inf
1521.0,1607277480.739421,124.0,,,inf
1522.0,1607277480.750277,124.0,,,inf
1523.0,1607277480.759464,124.0,,,inf
1524.0,1607277480.770169,124.0,,,inf
1525.0,1607277480.780221,124.0,,,inf
1526.0,1607277480.789304,124.0,,,inf
1527.0,1607277480.799296,124.0,,,inf
1528.0,1607277480.809105,124.0,,,inf
1529.0,1607277480.820822,124.0,,,inf
1530.0,1607277480.8299289,124.0,,,inf
1531.0,1607277480.839791,124.0,,,inf
1532.0,1607277480.850229,124.0,,,inf
1533.0,1607277480.860167,124.0,,,inf
1534.0,1607277480.8702831,124.0,,,inf
1535.0,1607277480.8791559,124.0,,,inf
1536.0,1607277480.889481,124.0,,,inf
1537.0,1607277480.900112,124.0,,,inf
1538.0,1607277480.910107,124.0,,,inf
1539.0,1607277480.920149,124.0,,,inf
1540.0,1607277480.9303339,124.0,,,inf
1541.0,1607277480.9393458,124.0,,,inf
1542.0,1607277480.9498508,124.0,,,inf
1543.0,1607277480.960186,124.0,,,inf
1544.0,1607277480.9702249,124.0,,,inf
1545.0,1607277480.980237,124.0,,,inf
1546.0,1607277480.98993,124.0,,,inf
1547.0,1607277481.00015,124.0,,,inf
1548.0,1607277481.0101209,124.0,,,inf
1549.0,1607277481.020301,124.0,,,inf
1550.0,1607277481.030296,124.0,,,inf
1551.0,1607277481.0394728,124.0,,,inf
1552.0,1607277481.0503628,124.0,,,inf
1553.0,1607277481.060548,124.0,,,inf
1554.0,1607277481.069851,124.0,,,inf
1555.0,1607277481.080171,124.0,,,inf
1556.0,1607277481.090059,124.0,,,inf
1557.0,1607277481.100256,124.0,,,inf
1558.0,1607277481.110286,124.0,,,inf
1559.0,1607277481.1200562,124.0,,,inf
1560.0,1607277481.1301088,124.0,,,inf
1561.0,1607277481.1395772,124.0,,,inf
1562.0,1607277481.150906,124.0,,,inf
1563.0,1607277481.160022,124.0,,,inf
1564.0,1607277481.170363,124.0,,,inf
1565.0,1607277481.179151,124.0,,,inf
1566.0,1607277481.190434,124.0,,,inf
1567.0,1607277481.200067,124.0,,,inf
1568.0,1607277481.209631,124.0,,,inf
1569.0,1607277481.219766,124.0,,,inf
1570.0,1607277481.229312,124.0,,,inf
1571.0,1607277481.239758,124.0,,,inf
1572.0,1607277481.24937,124.0,,,inf
1573.0,1607277481.260246,124.0,,,inf
1574.0,1607277481.270098,124.0,,,inf
1575.0,1607277481.2793071,124.0,,,inf
1576.0,1607277481.289278,124.0,,,inf
1577.0,1607277481.299654,124.0,,,inf
1578.0,1607277481.3097742,124.0,,,inf
1579.0,1607277481.3201349,124.0,,,inf
1580.0,1607277481.330241,124.0,,,inf
1581.0,1607277481.3393831,124.0,,,inf
1582.0,1607277481.3501031,124.0,,,inf
1583.0,1607277481.3590431,124.0,,,inf
1584.0,1607277481.369803,124.0,,,inf
1585.0,1607277481.3791292,124.0,,,inf
1586.0,1607277481.3893929,124.0,,,inf
1587.0,1607277481.3997262,124.0,,,inf
1588.0,1607277481.4096372,124.0,,,inf
1589.0,1607277481.419463,124.0,,,inf
1590.0,1607277481.430157,124.0,,,inf
1591.0,1607277481.439272,124.0,,,inf
1592.0,1607277481.450188,124.0,,,inf
1593.0,1607277481.46018,124.0,,,inf
1594.0,1607277481.470309,124.0,,,inf
1595.0,1607277481.479601,124.0,,,inf
1596.0,1607277481.4891698,124.0,,,inf
1597.0,1607277481.500073,124.0,,,inf
1598.0,1607277481.509463,124.0,,,inf
1599.0,1607277481.520469,124.0,,,inf
1600.0,1607277481.529553,124.0,,,inf
1601.0,1607277481.540284,124.0,,,inf
1602.0,1607277481.550288,124.0,,,inf
1603.0,1607277481.560134,124.0,,,inf
1604.0,1607277481.569793,124.0,,,inf
1605.0,1607277481.5791512,124.0,,,inf
1606.0,1607277481.589129,124.0,,,inf
1607.0,1607277481.600089,124.0,,,inf
1608.0,1607277481.609882,124.0,,,inf
1609.0,1607277481.620115,124.0,,,inf
1610.0,1607277481.62966,124.0,,,inf
1611.0,1607277481.639196,124.0,,,inf
1612.0,1607277481.6496608,124.0,,,inf
1613.0,1607277481.659224,124.0,,,inf
1614.0,1607277481.669735,124.0,,,inf
1615.0,1607277481.680498,124.0,,,inf
1616.0,1607277481.689366,124.0,,,inf
1617.0,1607277481.699355,124.0,,,inf
1618.0,1607277481.7098901,124.0,,,inf
1619.0,1607277481.720153,124.0,,,inf
1620.0,1607277481.729955,124.0,,,inf
1621.0,1607277481.739142,124.0,,,inf
1622.0,1607277481.7501628,124.0,,,inf
1623.0,1607277481.760341,124.0,,,inf
1624.0,1607277481.7701702,124.0,,,inf
1625.0,1607277481.780359,124.0,,,inf
1626.0,1607277481.790263,124.0,,,inf
1627.0,1607277481.800276,124.0,,,inf
1628.0,1607277481.810153,124.0,,,inf
1629.0,1607277481.820095,124.0,,,inf
1630.0,1607277481.830183,124.0,,,inf
1631.0,1607277481.8397381,124.0,,,inf
1632.0,1607277481.849813,124.0,,,inf
1633.0,1607277481.8600519,124.0,,,inf
1634.0,1607277481.870186,124.0,,,inf
1635.0,1607277481.879851,124.0,,,inf
1636.0,1607277481.8898711,124.0,,,inf
1637.0,1607277481.899955,124.0,,,inf
1638.0,1607277481.909683,124.0,,,inf
1639.0,1607277481.919405,124.0,,,inf
1640.0,1607277481.9297001,124.0,,,inf
1641.0,1607277481.939318,124.0,,,inf
1642.0,1607277481.949142,124.0,,,inf
1643.0,1607277481.9596732,124.0,,,inf
1644.0,1607277481.969698,124.0,,,inf
1645.0,1607277481.9796789,124.0,,,inf
1646.0,1607277481.989506,124.0,,,inf
1647.0,1607277481.999956,124.0,,,inf
1648.0,1607277482.009965,124.0,,,inf
1649.0,1607277482.019841,124.0,,,inf
1650.0,1607277482.029253,124.0,,,inf
1651.0,1607277482.0398688,124.0,,,inf
1652.0,1607277482.049568,124.0,,,inf
1653.0,1607277482.059799,124.0,,,inf
1654.0,1607277482.069988,124.0,,,inf
1655.0,1607277482.080298,124.0,,,inf
1656.0,1607277482.089479,124.0,,,inf
1657.0,1607277482.099351,124.0,,,inf
1658.0,1607277482.109864,124.0,,,inf
1659.0,1607277482.1200378,124.0,,,inf
1660.0,1607277482.13126,124.0,,,inf
1661.0,1607277482.139631,124.0,,,inf
1662.0,1607277482.150111,124.0,,,inf
1663.0,1607277482.1598861,124.0,,,inf
1664.0,1607277482.170302,124.0,,,inf
1665.0,1607277482.179355,124.0,,,inf
1666.0,1607277482.1899679,124.0,,,inf
1667.0,1607277482.200216,124.0,,,inf
1668.0,1607277482.210334,124.0,,,inf
1669.0,1607277482.219332,124.0,,,inf
1670.0,1607277482.229146,124.0,,,inf
1671.0,1607277482.2396421,124.0,,,inf
1672.0,1607277482.250308,124.0,,,inf
1673.0,1607277482.2595918,124.0,,,inf
1674.0,1607277482.2700238,124.0,,,inf
1675.0,1607277482.280376,124.0,,,inf
1676.0,1607277482.2897851,124.0,,,inf
1677.0,1607277482.299276,124.0,,,inf
1678.0,1607277482.3099442,124.0,,,inf
1679.0,1607277482.320246,124.0,,,inf
1680.0,1607277482.329956,124.0,,,inf
1681.0,1607277482.33988,124.0,,,inf
1682.0,1607277482.350326,124.0,,,inf
1683.0,1607277482.36021,124.0,,,inf
1684.0,1607277482.370116,124.0,,,inf
1685.0,1607277482.380081,124.0,,,inf
1686.0,1607277482.389886,124.0,,,inf
1687.0,1607277482.40107,124.0,,,inf
1688.0,1607277482.410665,124.0,,,inf
1689.0,1607277482.419751,124.0,,,inf
1690.0,1607277482.430263,124.0,,,inf
1691.0,1607277482.439453,124.0,,,inf
1692.0,1607277482.450248,124.0,,,inf
1693.0,1607277482.459361,124.0,,,inf
1694.0,1607277482.47004,124.0,,,inf
1695.0,1607277482.480284,124.0,,,inf
1696.0,1607277482.4899461,124.0,,,inf
1697.0,1607277482.4993339,124.0,,,inf
1698.0,1607277482.509542,124.0,,,inf
1699.0,1607277482.520672,124.0,,,inf
1700.0,1607277482.530133,124.0,,,inf
1701.0,1607277482.5395,124.0,,,inf
1702.0,1607277482.550005,124.0,,,inf
1703.0,1607277482.5602071,124.0,,,inf
1704.0,1607277482.569797,124.0,,,inf
1705.0,1607277482.5792599,124.0,,,inf
1706.0,1607277482.589875,124.0,,,inf
1707.0,1607277482.60066,124.0,,,inf
1708.0,1607277482.610497,124.0,,,inf
1709.0,1607277482.619499,124.0,,,inf
1710.0,1607277482.630194,124.0,,,inf
1711.0,1607277482.6397371,124.0,,,inf
1712.0,1607277482.650004,124.0,,,inf
1713.0,1607277482.659313,124.0,,,inf
1714.0,1607277482.670114,124.0,,,inf
1715.0,1607277482.680222,124.0,,,inf
1716.0,1607277482.6896179,124.0,,,inf
1717.0,1607277482.7000692,124.0,,,inf
1718.0,1607277482.709997,124.0,,,inf
1719.0,1607277482.720185,124.0,,,inf
1720.0,1607277482.7302048,124.0,,,inf
1721.0,1607277482.739423,124.0,,,inf
1722.0,1607277482.749343,124.0,,,inf
1723.0,1607277482.759305,124.0,,,inf
1724.0,1607277482.7695749,124.0,,,inf
1725.0,1607277482.779368,124.0,,,inf
1726.0,1607277482.790654,124.0,,,inf
1727.0,1607277482.8006048,124.0,,,inf
1728.0,1607277482.809956,124.0,,,inf
1729.0,1607277482.8201,124.0,,,inf
1730.0,1607277482.829748,124.0,,,inf
1731.0,1607277482.839299,124.0,,,inf
1732.0,1607277482.849654,124.0,,,inf
1733.0,1607277482.8597178,124.0,,,inf
1734.0,1607277482.8698392,124.0,,,inf
1735.0,1607277482.87989,124.0,,,inf
1736.0,1607277482.8903081,124.0,,,inf
1737.0,1607277482.900183,124.0,,,inf
1738.0,1607277482.9098701,124.0,,,inf
1739.0,1607277482.9202938,124.0,,,inf
1740.0,1607277482.929972,124.0,,,inf
1741.0,1607277482.939182,124.0,,,inf
1742.0,1607277482.950079,124.0,,,inf
1743.0,1607277482.9601338,124.0,,,inf
1744.0,1607277482.97034,124.0,,,inf
1745.0,1607277482.9798021,124.0,,,inf
1746.0,1607277482.9901319,124.0,,,inf
1747.0,1607277483.000206,124.0,,,inf
1748.0,1607277483.01014,124.0,,,inf
1749.0,1607277483.020189,124.0,,,inf
1750.0,1607277483.0302012,124.0,,,inf
1751.0,1607277483.039235,124.0,,,inf
1752.0,1607277483.04938,124.0,,,inf
1753.0,1607277483.060245,124.0,,,inf
1754.0,1607277483.070244,124.0,,,inf
1755.0,1607277483.0801852,124.0,,,inf
1756.0,1607277483.089817,124.0,,,inf
1757.0,1607277483.100018,124.0,,,inf
1758.0,1607277483.110111,124.0,,,inf
1759.0,1607277483.1202402,124.0,,,inf
1760.0,1607277483.129707,124.0,,,inf
1761.0,1607277483.139488,124.0,,,inf
1762.0,1607277483.150101,124.0,,,inf
1763.0,1607277483.160105,124.0,,,inf
1764.0,1607277483.1700962,124.0,,,inf
1765.0,1607277483.180139,124.0,,,inf
1766.0,1607277483.189405,124.0,,,inf
1767.0,1607277483.200104,124.0,,,inf
1768.0,1607277483.210268,124.0,,,inf
1769.0,1607277483.220287,124.0,,,inf
1770.0,1607277483.2291222,124.0,,,inf
1771.0,1607277483.239591,124.0,,,inf
1772.0,1607277483.250474,124.0,,,inf
1773.0,1607277483.260402,124.0,,,inf
1774.0,1607277483.270128,124.0,,,inf
1775.0,1607277483.2802281,124.0,,,inf
1776.0,1607277483.289533,124.0,,,inf
1777.0,1607277483.3002722,124.0,,,inf
1778.0,1607277483.3100538,124.0,,,inf
1779.0,1607277483.3201642,124.0,,,inf
1780.0,1607277483.3297029,124.0,,,inf
1781.0,1607277483.339366,124.0,,,inf
1782.0,1607277483.349961,124.0,,,inf
1783.0,1607277483.3603148,124.0,,,inf
1784.0,1607277483.370156,124.0,,,inf
1785.0,1607277483.380213,124.0,,,inf
1786.0,1607277483.389238,124.0,,,inf
1787.0,1607277483.400039,124.0,,,inf
1788.0,1607277483.410149,124.0,,,inf
1789.0,1607277483.420116,124.0,,,inf
1790.0,1607277483.430279,124.0,,,inf
1791.0,1607277483.439378,124.0,,,inf
1792.0,1607277483.450037,124.0,,,inf
1793.0,1607277483.460149,124.0,,,inf
1794.0,1607277483.470268,124.0,,,inf
1795.0,1607277483.479619,124.0,,,inf
1796.0,1607277483.489599,124.0,,,inf
1797.0,1607277483.500282,124.0,,,inf
1798.0,1607277483.509662,124.0,,,inf
1799.0,1607277483.52095,124.0,,,inf
1800.0,1607277483.530577,124.0,,,inf
1801.0,1607277483.540421,124.0,,,inf
1802.0,1607277483.5504289,124.0,,,inf
1803.0,1607277483.560394,124.0,,,inf
1804.0,1607277483.570293,124.0,,,inf
1805.0,1607277483.57996,124.0,,,inf
1806.0,1607277483.590073,124.0,,,inf
1807.0,1607277483.600194,124.0,,,inf
1808.0,1607277483.6100469,124.0,,,inf
1809.0,1607277483.620147,124.0,,,inf
1810.0,1607277483.6300778,124.0,,,inf
1811.0,1607277483.6394181,124.0,,,inf
1812.0,1607277483.650062,124.0,,,inf
1813.0,1607277483.660173,124.0,,,inf
1814.0,1607277483.670144,124.0,,,inf
1815.0,1607277483.680195,124.0,,,inf
1816.0,1607277483.689761,124.0,,,inf
1817.0,1607277483.7001238,124.0,,,inf
1818.0,1607277483.7103539,124.0,,,inf
1819.0,1607277483.720053,124.0,,,inf
1820.0,1607277483.7294452,124.0,,,inf
1821.0,1607277483.7392268,124.0,,,inf
1822.0,1607277483.750033,124.0,,,inf
1823.0,1607277483.7601228,124.0,,,inf
1824.0,1607277483.770136,124.0,,,inf
1825.0,1607277483.781344,124.0,,,inf
1826.0,1607277483.789681,124.0,,,inf
1827.0,1607277483.80009,124.0,,,inf
1828.0,1607277483.810196,124.0,,,inf
1829.0,1607277483.8206332,124.0,,,inf
1830.0,1607277483.829359,124.0,,,inf
1831.0,1607277483.839277,124.0,,,inf
1832.0,1607277483.850156,124.0,,,inf
1833.0,1607277483.8601642,124.0,,,inf
1834.0,1607277483.870209,124.0,,,inf
1835.0,1607277483.879286,124.0,,,inf
1836.0,1607277483.889159,124.0,,,inf
1837.0,1607277483.8994079,124.0,,,inf
1838.0,1607277483.9104698,124.0,,,inf
1839.0,1607277483.919446,124.0,,,inf
1840.0,1607277483.930044,124.0,,,inf
1841.0,1607277483.93939,124.0,,,inf
1842.0,1607277483.9498172,124.0,,,inf
1843.0,1607277483.9596548,124.0,,,inf
1844.0,1607277483.970208,124.0,,,inf
1845.0,1607277483.979869,124.0,,,inf
1846.0,1607277483.9896939,124.0,,,inf
1847.0,1607277484.000167,124.0,,,inf
1848.0,1607277484.0098162,124.0,,,inf
1849.0,1607277484.0201118,124.0,,,inf
1850.0,1607277484.0303118,124.0,,,inf
1851.0,1607277484.039685,124.0,,,inf
1852.0,1607277484.049589,124.0,,,inf
1853.0,1607277484.060451,124.0,,,inf
1854.0,1607277484.0713432,124.0,,,inf
1855.0,1607277484.0797591,124.0,,,inf
1856.0,1607277484.0896618,124.0,,,inf
1857.0,1607277484.099545,124.0,,,inf
1858.0,1607277484.110039,124.0,,,inf
1859.0,1607277484.120212,124.0,,,inf
1860.0,1607277484.129524,124.0,,,inf
1861.0,1607277484.139704,124.0,,,inf
1862.0,1607277484.150174,124.0,,,inf
1863.0,1607277484.160084,124.0,,,inf
1864.0,1607277484.1703029,124.0,,,inf
1865.0,1607277484.180149,124.0,,,inf
1866.0,1607277484.189707,124.0,,,inf
1867.0,1607277484.199994,124.0,,,inf
1868.0,1607277484.2099469,124.0,,,inf
1869.0,1607277484.220039,124.0,,,inf
1870.0,1607277484.230036,124.0,,,inf
1871.0,1607277484.240018,124.0,,,inf
1872.0,1607277484.250019,124.0,,,inf
1873.0,1607277484.260098,124.0,,,inf
1874.0,1607277484.271343,124.0,,,inf
1875.0,1607277484.2805388,124.0,,,inf
1876.0,1607277484.2896361,124.0,,,inf
1877.0,1607277484.299774,124.0,,,inf
1878.0,1607277484.31021,124.0,,,inf
1879.0,1607277484.320532,124.0,,,inf
1880.0,1607277484.329283,124.0,,,inf
1881.0,1607277484.339536,124.0,,,inf
1882.0,1607277484.350398,124.0,,,inf
1883.0,1607277484.360545,124.0,,,inf
1884.0,1607277484.370263,124.0,,,inf
1885.0,1607277484.381015,124.0,,,inf
1886.0,1607277484.389833,124.0,,,inf
1887.0,1607277484.4003441,124.0,,,inf
1888.0,1607277484.410418,124.0,,,inf
1889.0,1607277484.420249,124.0,,,inf
1890.0,1607277484.42942,124.0,,,inf
1891.0,1607277484.4391282,124.0,,,inf
1892.0,1607277484.4496481,124.0,,,inf
1893.0,1607277484.460025,124.0,,,inf
1894.0,1607277484.470214,124.0,,,inf
1895.0,1607277484.4801412,124.0,,,inf
1896.0,1607277484.490307,124.0,,,inf
1897.0,1607277484.500101,124.0,,,inf
1898.0,1607277484.509273,124.0,,,inf
1899.0,1607277484.520056,124.0,,,inf
1900.0,1607277484.529335,124.0,,,inf
1901.0,1607277484.539207,124.0,,,inf
1902.0,1607277484.550124,124.0,,,inf
1903.0,1607277484.5603268,124.0,,,inf
1904.0,1607277484.5694358,124.0,,,inf
1905.0,1607277484.579082,124.0,,,inf
1906.0,1607277484.5893528,124.0,,,inf
1907.0,1607277484.600163,124.0,,,inf
1908.0,1607277484.609397,124.0,,,inf
1909.0,1607277484.62012,124.0,,,inf
1910.0,1607277484.630316,124.0,,,inf
1911.0,1607277484.640021,124.0,,,inf
1912.0,1607277484.649769,124.0,,,inf
1913.0,1607277484.6599932,124.0,,,inf
1914.0,1607277484.6705458,124.0,,,inf
1915.0,1607277484.679418,124.0,,,inf
1916.0,1607277484.68962,124.0,,,inf
1917.0,1607277484.69917,124.0,,,inf
1918.0,1607277484.70942,124.0,,,inf
1919.0,1607277484.71968,124.0,,,inf
1920.0,1607277484.7295759,124.0,,,inf
1921.0,1607277484.7392159,124.0,,,inf
1922.0,1607277484.749557,124.0,,,inf
1923.0,1607277484.759093,124.0,,,inf
1924.0,1607277484.769703,124.0,,,inf
1925.0,1607277484.778961,124.0,,,inf
1926.0,1607277484.789354,124.0,,,inf
1927.0,1607277484.7997508,124.0,,,inf
1928.0,1607277484.809781,124.0,,,inf
1929.0,1607277484.8198621,124.0,,,inf
1930.0,1607277484.829393,124.0,,,inf
1931.0,1607277484.839488,124.0,,,inf
1932.0,1607277484.8495739,124.0,,,inf
1933.0,1607277484.860235,124.0,,,inf
1934.0,1607277484.8700511,124.0,,,inf
1935.0,1607277484.880141,124.0,,,inf
1936.0,1607277484.8892689,124.0,,,inf
1937.0,1607277484.901474,124.0,,,inf
1938.0,1607277484.909594,124.0,,,inf
1939.0,1607277484.919852,124.0,,,inf
1940.0,1607277484.930159,124.0,,,inf
1941.0,1607277484.939666,124.0,,,inf
1942.0,1607277484.950099,124.0,,,inf
1943.0,1607277484.960245,124.0,,,inf
1944.0,1607277484.969341,124.0,,,inf
1945.0,1607277484.9800692,124.0,,,inf
1946.0,1607277484.989799,124.0,,,inf
1947.0,1607277484.999991,124.0,,,inf
1948.0,1607277485.010346,124.0,,,inf
1949.0,1607277485.02016,124.0,,,inf
1950.0,1607277485.030019,124.0,,,inf
1951.0,1607277485.0397801,124.0,,,inf
1952.0,1607277485.0501719,124.0,,,inf
1953.0,1607277485.060139,124.0,,,inf
1954.0,1607277485.070327,124.0,,,inf
1955.0,1607277485.080223,124.0,,,inf
1956.0,1607277485.089464,124.0,,,inf
1957.0,1607277485.1000562,124.0,,,inf
1958.0,1607277485.110204,124.0,,,inf
1959.0,1607277485.120346,124.0,,,inf
1960.0,1607277485.130214,124.0,,,inf
1961.0,1607277485.139297,124.0,,,inf
1962.0,1607277485.150094,124.0,,,inf
1963.0,1607277485.160303,124.0,,,inf
1964.0,1607277485.1702342,124.0,,,inf
1965.0,1607277485.180149,124.0,,,inf
1966.0,1607277485.1901598,124.0,,,inf
1967.0,1607277485.200074,124.0,,,inf
1968.0,1607277485.210145,124.0,,,inf
1969.0,1607277485.2199512,124.0,,,inf
1970.0,1607277485.2303,124.0,,,inf
1971.0,1607277485.23926,124.0,,,inf
1972.0,1607277485.250453,124.0,,,inf
1973.0,1607277485.2605839,124.0,,,inf
1974.0,1607277485.2705312,124.0,,,inf
1975.0,1607277485.280144,124.0,,,inf
1976.0,1607277485.2899551,124.0,,,inf
1977.0,1607277485.299642,124.0,,,inf
1978.0,1607277485.31025,124.0,,,inf
1979.0,1607277485.3193989,124.0,,,inf
1980.0,1607277485.330086,124.0,,,inf
1981.0,1607277485.339243,124.0,,,inf
1982.0,1607277485.350035,124.0,,,inf
1983.0,1607277485.3603399,124.0,,,inf
1984.0,1607277485.370344,124.0,,,inf
1985.0,1607277485.380136,124.0,,,inf
1986.0,1607277485.390072,124.0,,,inf
1987.0,1607277485.400105,124.0,,,inf
1988.0,1607277485.410199,124.0,,,inf
1989.0,1607277485.420245,124.0,,,inf
1990.0,1607277485.430243,124.0,,,inf
1991.0,1607277485.43926,124.0,,,inf
1992.0,1607277485.450188,124.0,,,inf
1993.0,1607277485.46017,124.0,,,inf
1994.0,1607277485.47,124.0,,,inf
1995.0,1607277485.480184,124.0,,,inf
1996.0,1607277485.489825,124.0,,,inf
1997.0,1607277485.500284,124.0,,,inf
1998.0,1607277485.5102668,124.0,,,inf
1999.0,1607277485.523154,124.0,,,inf
2000.0,1607277485.546798,124.0,,,inf
2001.0,1607277485.5546649,124.0,,,inf
2002.0,1607277485.5651689,124.0,,,inf
2003.0,1607277485.5745122,124.0,,,inf
2004.0,1607277485.5850601,124.0,,,inf
2005.0,1607277485.5951202,124.0,,,inf
2006.0,1607277485.604715,124.0,,,inf
2007.0,1607277485.615155,124.0,,,inf
2008.0,1607277485.6244512,124.0,,,inf
2009.0,1607277485.635046,124.0,,,inf
2010.0,1607277485.645899,124.0,,,inf
2011.0,1607277485.65479,124.0,,,inf
2012.0,1607277485.665379,124.0,,,inf
2013.0,1607277485.674876,124.0,,,inf
2014.0,1607277485.685225,124.0,,,inf
2015.0,1607277485.6953049,124.0,,,inf
2016.0,1607277485.7048478,124.0,,,inf
2017.0,1607277485.715094,124.0,,,inf
2018.0,1607277485.7245,124.0,,,inf
2019.0,1607277485.735206,124.0,,,inf
2020.0,1607277485.745169,124.0,,,inf
2021.0,1607277485.754585,124.0,,,inf
2022.0,1607277485.765111,124.0,,,inf
2023.0,1607277485.774991,124.0,,,inf
2024.0,1607277485.785145,124.0,,,inf
2025.0,1607277485.795883,124.0,,,inf
2026.0,1607277485.805413,124.0,,,inf
2027.0,1607277485.815209,124.0,,,inf
2028.0,1607277485.824764,124.0,,,inf
2029.0,1607277485.835178,124.0,,,inf
2030.0,1607277485.84489,124.0,,,inf
2031.0,1607277485.8547919,124.0,,,inf
2032.0,1607277485.8650398,124.0,,,inf
2033.0,1607277485.874706,124.0,,,inf
2034.0,1607277485.8850791,124.0,,,inf
2035.0,1607277485.8952608,124.0,,,inf
2036.0,1607277485.904753,124.0,,,inf
2037.0,1607277485.9150689,124.0,,,inf
2038.0,1607277485.9244428,124.0,,,inf
2039.0,1607277485.935107,124.0,,,inf
2040.0,1607277485.946032,124.0,,,inf
2041.0,1607277485.9553258,124.0,,,inf
2042.0,1607277485.9656599,124.0,,,inf
2043.0,1607277485.97559,124.0,,,inf
2044.0,1607277485.985215,124.0,,,inf
2045.0,1607277485.995254,124.0,,,inf
2046.0,1607277486.004742,124.0,,,inf
2047.0,1607277486.014383,124.0,,,inf
2048.0,1607277486.0250392,124.0,,,inf
2049.0,1607277486.0351412,124.0,,,inf
2050.0,1607277486.044447,124.0,,,inf
2051.0,1607277486.055151,124.0,,,inf
2052.0,1607277486.0649369,124.0,,,inf
2053.0,1607277486.0749838,124.0,,,inf
2054.0,1607277486.084803,124.0,,,inf
2055.0,1607277486.09498,124.0,,,inf
2056.0,1607277486.1045399,124.0,,,inf
2057.0,1607277486.114552,124.0,,,inf
2058.0,1607277486.124883,124.0,,,inf
2059.0,1607277486.1348622,124.0,,,inf
2060.0,1607277486.144635,124.0,,,inf
2061.0,1607277486.1542568,124.0,,,inf
2062.0,1607277486.164889,124.0,,,inf
2063.0,1607277486.175072,124.0,,,inf
2064.0,1607277486.185355,124.0,,,inf
2065.0,1607277486.194995,124.0,,,inf
2066.0,1607277486.204927,124.0,,,inf
2067.0,1607277486.215235,124.0,,,inf
2068.0,1607277486.224583,124.0,,,inf
2069.0,1607277486.235096,124.0,,,inf
2070.0,1607277486.245018,124.0,,,inf
2071.0,1607277486.255179,124.0,,,inf
2072.0,1607277486.265205,124.0,,,inf
2073.0,1607277486.275126,124.0,,,inf
2074.0,1607277486.285265,124.0,,,inf
2075.0,1607277486.295104,124.0,,,inf
2076.0,1607277486.304946,124.0,,,inf
2077.0,1607277486.315223,124.0,,,inf
2078.0,1607277486.3246279,124.0,,,inf
2079.0,1607277486.3351932,124.0,,,inf
2080.0,1607277486.345509,124.0,,,inf
2081.0,1607277486.3550458,124.0,,,inf
2082.0,1607277486.365387,124.0,,,inf
2083.0,1607277486.375392,124.0,,,inf
2084.0,1607277486.385298,124.0,,,inf
2085.0,1607277486.3954,124.0,,,inf
2086.0,1607277486.4048362,124.0,,,inf
2087.0,1607277486.415113,124.0,,,inf
2088.0,1607277486.425118,124.0,,,inf
2089.0,1607277486.4351869,124.0,,,inf
2090.0,1607277486.444876,124.0,,,inf
2091.0,1607277486.454452,124.0,,,inf
2092.0,1607277486.465079,124.0,,,inf
2093.0,1607277486.475075,124.0,,,inf
2094.0,1607277486.48517,124.0,,,inf
2095.0,1607277486.495218,124.0,,,inf
2096.0,1607277486.504834,124.0,,,inf
2097.0,1607277486.514435,124.0,,,inf
2098.0,1607277486.5253172,124.0,,,inf
2099.0,1607277486.53513,124.0,,,inf
2100.0,1607277486.545938,124.0,,,inf
2101.0,1607277486.555018,124.0,,,inf
2102.0,1607277486.565451,124.0,,,inf
2103.0,1607277486.5751638,124.0,,,inf
2104.0,1607277486.585165,124.0,,,inf
2105.0,1607277486.5951989,124.0,,,inf
2106.0,1607277486.604956,124.0,,,inf
2107.0,1607277486.615079,124.0,,,inf
2108.0,1607277486.6251662,124.0,,,inf
2109.0,1607277486.635128,124.0,,,inf
2110.0,1607277486.6447968,124.0,,,inf
2111.0,1607277486.654679,124.0,,,inf
2112.0,1607277486.665192,124.0,,,inf
2113.0,1607277486.675144,124.0,,,inf
2114.0,1607277486.685144,124.0,,,inf
2115.0,1607277486.694189,124.0,,,inf
2116.0,1607277486.704512,124.0,,,inf
2117.0,1607277486.715042,124.0,,,inf
2118.0,1607277486.72416,124.0,,,inf
2119.0,1607277486.735052,124.0,,,inf
2120.0,1607277486.745051,124.0,,,inf
